date,headline,sentiment_score
2023-10-02,Apple iPhone 15 Pro Lead Times Shorten As Supply Catches Up With Demand,0.0
2023-10-02,What to Watch for This Week as Markets Continue to Struggle,0.013095238095238097
2023-10-02,"Apple Could Be Revving Up Formula One Global Rights Thanks To Lionel Messi: What It Could Mean For Investors, Sports Fans - Liberty Formula One Group  ( NASDAQ:FWONA ) ",0.09814814814814815
2023-10-02,Players Upset As Velve's 'Counter-Strike 2' Drops Beloved 'CS:GO' Features - Apple  ( NASDAQ:AAPL ) ,0.12017045454545455
2023-10-02,"Microsoft's Satya Nadella Speaks: AI Could Bolster Google's Search Monopoly - Microsoft  ( NASDAQ:MSFT ) , Alphabet  ( NASDAQ:GOOGL ) ",-0.06666666666666665
2023-10-02,"October Is The Most Volatile Month Of The Year - AI Frenzy To Be Tested, Fed Speak, Bitcoin Squeeze - JPMorgan Chase  ( NYSE:JPM ) ",0.5
2023-10-02,"iPhone 15 Pro vs iPhone 13 Pro: Two Years Later, Should You Upgrade To Apple's Latest iPhone? - Apple  ( NASDAQ:AAPL ) ",0.15787878787878787
2023-10-02,"Market Clubhouse Morning Memo - October 2nd, 2023  ( Trade Strategy For SPY, QQQ, AAPL, MSFT, NVDA, META, And TSLA )  - Invesco QQQ Trust, Series 1  ( NASDAQ:QQQ ) ",0.2916666666666667
2023-10-02,Warner Bros. Discovery's  ( WBD )  REAL TIME WITH BILL MAHER Returns,0.2
2023-10-02,Wall Street Bulls Look Optimistic About Apple  ( AAPL ) : Should You Buy?,-0.0475
2023-10-02,"Apple Is a Magnificent Stock, But There Are 2 Big Reasons Investors Could Regret Buying It Right Now",0.1726190476190476
2023-10-02,"Grab The 16-inch MacBook Pro With M1 Pro Chip At A $1,000 Discount - Apple  ( NASDAQ:AAPL ) ",0.22000000000000003
2023-10-02,Futures Mixed After Government Shutdown Averted,0.0
2023-10-02,Qualcomm  ( QCOM )  Remains in Spotlight Throughout September,0.10892857142857143
2023-10-02,46% of Warren Buffett's Portfolio Is Invested in This Stock. Does That Mean You Should Buy Now?,-0.3125
2023-10-02,LinkedIn Founder Reid Hoffman Counters Elon Musk's AI Approach With 'Blitzscaling' Method to Propel Human Evolution - Microsoft  ( NASDAQ:MSFT ) ,0.0
2023-10-02,"Magnificent Seven tech stocks haven't been this cheap in six years, Goldman Sachs strategists say",0.575
2023-10-02,Tim Cook's 'Aha Moment' with Apple's Vision Pro - 'You Only Have A Few Of Those In A Lifetime' - Meta Platforms  ( NASDAQ:META ) ,0.012499999999999997
2023-10-02,Is Invesco FTSE RAFI US 1000 ETF  ( PRF )  a Strong ETF Right Now?,0.31111111111111106
2023-10-02,iPhone 15 Pro And 15 Pro Max Delays: Here Are The Latest Delivery Estimates - Apple  ( NASDAQ:AAPL ) ,0.14700000000000002
2023-10-02,Global Digital Asset Management  ( DAM )  Market Analysis Report 2023-2028: AI and Advanced Encryption - The Next Big Opportunities in Digital Asset Management,0.08
2023-10-02,Is It Safe to Invest Today? Here Are 2 Better Questions to Ask,0.6666666666666666
2023-10-02,"Microsoft's Satya Nadella To Take The Stand Today At Google Antitrust Trial: What You Need To Know - Microsoft  ( NASDAQ:MSFT ) , Alphabet  ( NASDAQ:GOOG ) , Alphabet  ( NASDAQ:GOOGL ) ",0.0
2023-10-02,"True wireless stereo earbuds market size to grow by USD 120.70 billion from 2022 to 2027, Driven by Increasing ... - PR Newswire",0.35
2023-10-02,"Could Apple Replace Google With Its Own Search Engine… It Maybe A Matter Of 'When,' Says Mark Gurman - Microsoft  ( NASDAQ:MSFT ) , Alphabet  ( NASDAQ:GOOG ) , Alphabet  ( NASDAQ:GOOGL ) ",0.44999999999999996
2023-10-01,"New iPhones Feeling The Heat? Apple Blames Software And Apps, Assures Solutions - Apple  ( NASDAQ:AAPL ) ",0.3477272727272727
2023-10-01,A Trillion-Dollar Dividend Growth Stock to Buy and Hold Forever,0.0
2023-10-01,"iPhone 15 Surprises, Apple Defends Google Deal, MacBook Air Bargain, Overheating Concerns And More: This Week In Appleverse - Alphabet  ( NASDAQ:GOOG ) , Alphabet  ( NASDAQ:GOOGL ) ",0.2733333333333333
2023-10-01,"Aetna 2024 Medicare plans offer more choices, flexibility and simplicity",0.5
2023-10-01,Nasdaq Sell-Off: My Top 3 Beaten-Down Growth Stocks to Buy Now,0.5333333333333333
2023-09-30,"Unmasking AI: Pentagon Seeks Transparency From Top LLM Companies To Confront Ethical Challenges - Microsoft  ( NASDAQ:MSFT ) , Alphabet  ( NASDAQ:GOOG ) , Alphabet  ( NASDAQ:GOOGL ) , Meta Platforms  ( NASDAQ:META ) ",0.08888888888888889
2023-09-30,"Meta Stock A Buy? Facebook Parent Wows With AI Glasses, Avatars",-0.020670995670995666
2023-09-30,What's Ailing Stocks?,0.21875
2023-09-30,3 Dividend Strategies For The Rest Of 2023,0.0
2023-09-30,Apple Has an iPhone Problem,0.25
2023-09-30,"Every Artificial Intelligence  ( AI )  Stock Warren Buffett Owns, Ranked From Best to Worst",-0.024999999999999994
2023-09-30,Eric Trump Accuses Apple Of 'Shadow Banning' His Wife's New Song - Apple  ( NASDAQ:AAPL ) ,0.0909090909090909
2023-09-29,"US Wearables Market is to grow by USD 7.82 billion from 2022 to 2027, Driven by the increasing focus on fitness and ... - PR Newswire",0.0
2023-09-29,Digital Payment Market size to grow by USD 160.94 billion from 2022 to 2027 | Market is fragmented due to the ... - PR Newswire,-0.0625
2023-09-29,Weekly Roundup,0.03125
2023-09-29,The Magnificent Seven could be considered the messy seven after a 'meh' third quarter,0.32857142857142857
2023-09-29,"The Silicon Valley Wage War: Unveiling Salaries Of Top Talent At Apple, Microsoft, Google - Apple  ( NASDAQ:AAPL ) ",0.6666666666666666
2023-09-29,"EXCLUSIVE: Yusko Calls Out Warren Buffett, 'The Reason Warren Wants To P--- On Bitcoin Is...'",0.0
2023-09-29,Psst: Here's why Google's antitrust trial against the Department of Justice isn't being talked about much,0.06666666666666667
2023-09-29,"Buy the Dip in Apple, or has the Trend Turned Rotten?",-0.016666666666666666
2023-09-29,Three Ways You Can Trade Apple Right Now,-0.06285714285714285
2023-09-29,The government shutdown lowdown,0.0
2023-09-29,"Market Clubhouse Morning Memo - September 29th, 2023  ( Trade Strategy For SPY, QQQ, AAPL, MSFT, META, GOOGL, And NVDA )  - Invesco QQQ Trust, Series 1  ( NASDAQ:QQQ ) ",0.4375
2023-09-29,Better Inflation Data From Europe And U.S. Bringing Buyers Into Oversold Stock Market - Apple  ( NASDAQ:AAPL ) ,0.5
2023-09-29,Apple Rolls Out iOS 17.1 Beta With AirDrop Over Internet Support: Here's How You Can Get It Now - Apple  ( NASDAQ:AAPL ) ,0.09659090909090909
2023-09-29,"Samsung Galaxy S24's First Leak Shows An iPhone-Inspired Design - Samsung Electronics Co  ( OTC:SSNLF ) , Qualcomm  ( NASDAQ:QCOM ) ",0.075
2023-09-29,AAPL: What Should Investors Do With Apple  ( AAPL )  Stock End of September?,0.0
2023-09-29,U.S. trade deficit in goods shrinks 7.3% - and might give small lift to GDP,-0.03787878787878788
2023-09-29,"Apple's App Store Faces China's Regulatory Hurdles, Talks Underway to Comply With New Regulations - Apple  ( NASDAQ:AAPL ) ",0.02954545454545454
2023-09-29,Futures Rise Ahead Of Key Inflation Data,0.0
2023-09-29,"How to maximize your streaming in October 2023, and why Netflix is all you really need",0.14666666666666667
2023-09-29,3 Northern Mutual Funds to Buy for Stable Returns,0.25
2023-09-29,Is iShares Core S&P U.S. Growth ETF  ( IUSG )  a Strong ETF Right Now?,0.31111111111111106
2023-09-29,Better Buy: Amazon vs Apple,0.375
2023-09-29,"1 Green Flag for Apple in 2023, and 1 Red Flag",-0.10800000000000001
2023-09-29,"These 7 Dividend Stocks Pay $98 Billion Annually, Combined, to Their Shareholders",0.0
2023-09-29,Can PayPal Stock Hit $70 by the End of 2023?,-0.10714285714285714
2023-09-29,83% of Warren Buffett's $347 Billion Portfolio Is Invested in Only 8 Stocks,0.05
2023-09-29,The 2024 Land Rover Defender 110 finds a near-perfect balance between off-roader and luxury SUV,1.0
2023-09-29,"Lex Fridman Just Interviewed Mark Zuckerberg In Metaverse, And MrBeast Is Confused: 'When The Hell Did I Miss' - Meta Platforms  ( NASDAQ:META ) ",-0.025000000000000022
2023-09-29,"Did Apple Almost Dump Google For Microsoft's Bing? - Microsoft  ( NASDAQ:MSFT ) , Alphabet  ( NASDAQ:GOOG ) , Alphabet  ( NASDAQ:GOOGL ) ",0.0
2023-09-28,Twin Valley Awards 100+ Teacher Scholarships to Attend Kansas Tech Summit - PR Newswire,0.0
2023-09-28,"Media Companies Ready To Cash In On Taylor Swift, Travis Kelce Love Story: Comcast Up First With Sunday Night Football - Comcast  ( NASDAQ:CMCSA ) ",0.39
2023-09-28,Traders wary of volatility as JP Morgan fund's big options trade looms,-0.05681818181818182
2023-09-28,"Fortnite parent company Epic lays off 16% of staff; CEO says, 'we've been spending way more money than we earn'",0.2333333333333333
2023-09-28,"Booming Demand? Scalpers Used Bots To Place Thousands Of iPhone 15 Pre-Orders, Report Says - Apple  ( NASDAQ:AAPL ) ",0.0
2023-09-28,"King Dollar Getting In The Way Of Momo Stock Gurus, China, And Russia - Micron Technology  ( NASDAQ:MU ) ",0.0
2023-09-28,Alphabet  ( GOOGL )  Boosts Chromebook Features With ChromeOS 117,-0.0625
2023-09-28,"Market Clubhouse Morning Memo - September 28th, 2023  ( Trade Strategy For SPY, QQQ, AAPL, MSFT, NVDA, AMZN, And META )  - Invesco QQQ Trust, Series 1  ( NASDAQ:QQQ ) ",0.4375
2023-09-28,U.S.-China Chip War Nears Moment Of Truth,0.27999999999999997
2023-09-28,Block  ( SQ )  Boosts Reach to Canada With Tap to Pay on Android,0.0
2023-09-28,Micro-LED Market worth $150.14 Billion by 2030 - Exclusive Report by The Insight Partners,0.15333333333333332
2023-09-28,"Save $1,900 On Maxed Out 16-inch MacBook Pro With M1 Max Chip - Apple  ( NASDAQ:AAPL ) ",0.32
2023-09-28,"Tech Titans Google, Apple, Meta Closer To Regulatory Green Light For Next-Gen Augmented, Virtual Devices - Alphabet  ( NASDAQ:GOOG ) ",0.15000000000000002
2023-09-28,3 Dividend Stocks to Buy and Hold Until Retirement,0.0
2023-09-28,Google's Antitrust Trial: Struggle Between Secrecy and Public Access - Alphabet  ( NASDAQ:GOOG ) ,-0.03125000000000001
2023-09-28,"Contract Manufacturer Posts Earnings Beat, Mixed Outlook",0.03333333333333333
2023-09-28,"On GOP debate stage, a sometimes oversimplified view of China's economy | Business",0.0
2023-09-28,Roku Might Be Showing Signs of Growing Up. But Is It Enough to Buy the Stock?,0.0
2023-09-28,Futures Fall Ahead Of Jobless Claims,-0.0625
2023-09-28,"Got $1,000? 5 Buffett Stocks to Buy and Hold Forever",0.3
2023-09-28,iPhone 15 And 15 Plus Survive The Bend Test That The iPhone 15 Pro Max Failed - Apple  ( NASDAQ:AAPL ) ,-0.16666666666666669
2023-09-28,Is Steve Jobs really worthy of an opera about his life inside and out of Apple?,0.26666666666666666
2023-09-28,"Zuckerberg Talks About How Musk's Acquisition Fueled His Ambition To Build A Universal Version Of Twitter, AI, Mixed Reality and More - Meta Platforms  ( NASDAQ:META ) ",0.025000000000000005
2023-09-28,Is Apple Stock a Buy Now?,0.4
2023-09-28,"Wall Street's ""Magnificent Seven"" May Be a Mammoth Liability for the Stock Market",0.38449999999999995
2023-09-28,"'iPhone Of AI': OpenAI's Sam Altman, Apple Design Legend Jony Ive And SoftBank's Masayoshi Son Explore A New Venture - Microsoft  ( NASDAQ:MSFT ) , SoftBank Group  ( OTC:SFTBF ) ",0.1787878787878788
2023-09-28,"'Lost All Visibility' On The Apple Car Project: It Isn't Coming Anytime Soon, Says Analyst - Tesla  ( NASDAQ:TSLA ) ",0.0
2023-09-28,"If You Invested $100 In Bitcoin, Ethereum, Alphabet, Apple, Microsoft And Tesla 5 Years Ago, Here's How Much You'd Have Now - Microsoft  ( NASDAQ:MSFT ) , Apple  ( NASDAQ:AAPL ) , SPDR Dow Jones Industrial Average ETF  ( ARCA:DIA ) , Amazon.com  ( NASDAQ:AMZN ) ",0.0890625
2023-09-27,Apple  ( AAPL )  Stock Sinks As Market Gains: What You Should Know,0.03333333333333335
2023-09-27,Why Meta Platforms Stock Dropped and Then Recovered Today,0.0
2023-09-27,Why Meta Stock Traded Lower Today - Meta Platforms  ( NASDAQ:META ) ,0.0
2023-09-27,"If You Invested $1,000 in Dogecoin On Jan. 1, 2021, Here's How Much You'd Have Now",0.15833333333333335
2023-09-27,"Almost 1,500 high-grade corporate bonds are on sale. Here's how you could add cheap Apple bonds to your portfolio.",0.1
2023-09-27,"Meta unveils latest VR headset, as Zuckerberg calls it the 'first mainstream mixed-reality headset'",0.375
2023-09-27,Hollywood Writers Won But Hollywood Still Can't Go Back To Normal - Netflix  ( NASDAQ:NFLX ) ,0.0625
2023-09-27,"Slight Respite: After Worst Day Since March, Stocks Rebound Slightly As Yields Ease - Apple  ( NASDAQ:AAPL ) , Amazon.com  ( NASDAQ:AMZN ) ",-0.2034090909090909
2023-09-27,Window Dressing And Rare Good Data From China Bringing In Buyers In The Stock Market - Micron Technology  ( NASDAQ:MU ) ,0.33181818181818185
2023-09-27,Netflix  ( NFLX )  Expands Gaming Portfolio With Four New Games,0.06818181818181818
2023-09-27,Can the iPhone 15 Help Reverse Apple's Sales Decline?,0.25
2023-09-27,Apple Delays Newest Processor Rollout -- Is Taiwan Semi Manufacturing in Deep Trouble?,0.07784090909090909
2023-09-27,"Top Stories Wednesday, Sep 27: Apple Defends Its $19B Google Search Deal, Hollywood's Writers Secure Credit For AI Training, China's Ambitious Chip Fund Faces Headwinds - Alibaba Gr Holding  ( NYSE:BABA ) ",0.19285714285714284
2023-09-27,"Technology stocks have entered correction territory, threatening to topple the 2023 U.S. market rally",0.41666666666666663
2023-09-27,Yale Home Expands Best-Selling Smart Lock Collection with Yale Assure Lock® 2 Touch and Yale Assure Lock® 2 Plus - Fortune Brands  ( NYSE:FBIN ) ,0.1948051948051948
2023-09-27,"Qualcomm Gears Up for Innovation, Snapdragon 8 Gen 3 Set to Rival Apple's 3nm Chip Technology - Qualcomm  ( NASDAQ:QCOM ) ",0.0
2023-09-27,Futures Rise Ahead Of Key Data,0.06666666666666667
2023-09-27,Apple Remains Silent On Strategy As China's Cyberspace Watchdog Tightens Reins On App Stores - Apple  ( NASDAQ:AAPL ) ,0.06818181818181818
2023-09-27,"Warren Buffett Is Selling Shares of This High-Yield Dividend Stock and, Likely, Buying Shares of His Favorite Stock  ( No, Not Apple! ) ",0.13657407407407407
2023-09-27,The 2024 Hyundai Kona review: The subcompact SUV has been totally redesigned-here's what's new,0.06818181818181818
2023-09-27,"Forget September Slump! S&P 500 Could Scale New Highs By Mid-2024, Predicts JPMorgan Strategist - Microsoft  ( NASDAQ:MSFT ) , Alphabet  ( NASDAQ:GOOG ) , Alphabet  ( NASDAQ:GOOGL ) , Meta Platforms  ( NASDAQ:META ) ",0.20378787878787877
2023-09-27,Can Apple's Revolutionary Vision Pro Live Up To The Hype? Analyst Casts Doubt on Shipment Expectations - Meta Platforms  ( NASDAQ:META ) ,0.12727272727272726
2023-09-27,"Apple Design Legend Jony Ive, ChatGPT Creator Sam Altman Said To Be Uniting for Mystery AI Project: What Could It Be? - Apple  ( NASDAQ:AAPL ) ",-0.3
2023-09-27,Is Apple Headed For Titanium Gate? Expert Identifies Issues Causing iPhone 15 Series To Overheat - Taiwan Semiconductor  ( NYSE:TSM ) ,0.019999999999999997
2023-09-26,Could a break-up of Amazon be good for the stock? Analysts weigh in after FTC lawsuit.,0.09999999999999998
2023-09-26,When will the stock-market pain end? Here are 3 clues that investors should watch out for.,0.22
2023-09-26,Futures: What To Do As Stocks Sell Off; Meta's AI Push In Focus,0.0
2023-09-26,What's Going On With Apple Shares - Apple  ( NASDAQ:AAPL ) ,0.0
2023-09-26,Nvidia Forges An Artificial Intelligence Revolution. What Could Get In The Way?,-0.39999999999999997
2023-09-26,"Google Podcasts To Sunset in 2024, YouTube Music Rises As Podcasting Hub - Alphabet  ( NASDAQ:GOOG ) , Alphabet  ( NASDAQ:GOOGL ) ",-0.07777777777777779
2023-09-26,Here's what Apple's iPhone 15 says about the world,0.13333333333333333
2023-09-26,Meta Near Buy Point With Big AI And VR News On Tap,0.03333333333333333
2023-09-26,"Amazon sued by FTC, which alleges the company is 'exploiting its monopoly power'",0.0
2023-09-26,"S&P 500 Head And Shoulders Top Confirmed- Pattern Suggest Further Potential Downside To $4100 - Apple  ( NASDAQ:AAPL ) , Tesla  ( NASDAQ:TSLA ) ",0.08253968253968255
2023-09-26,India: Apple Creating Opportunity For Investors In Up And Coming Manufacturing Powerhouse - Apple  ( NASDAQ:AAPL ) ,0.33888888888888885
2023-09-26,"Market Mechanics Taking Over, Window Dressing Meets Higher Rates - NVIDIA  ( NASDAQ:NVDA ) ",0.3125
2023-09-26,Warren Buffett Says Apple Is Better Than Any Businesses Berkshire Owns - Unmatched Brand Loyalty Proven As Consumers Would Give Up A Second Car For An iPhone,0.4261904761904762
2023-09-26,Dow Jones Falls 1%; Tesla Faces New Probe Ahead Of Q3 Deliveries,0.11212121212121212
2023-09-26,"Market Clubhouse Morning Memo - September 26th, 2023  ( Trade Strategy For SPY, QQQ, AAPL, MSFT, NVDA, And TSLA )  - Invesco QQQ Trust, Series 1  ( NASDAQ:QQQ ) ",0.4375
2023-09-26,3 Dow Jones Industrial Average Stocks To Watch Ahead Of October 2023,0.027083333333333334
2023-09-26,"Apple's Eddy Cue Expected To Testify Google Search Is The Best, And That There's No Apple Search Engine In The Works - Alphabet  ( NASDAQ:GOOG ) , Alphabet  ( NASDAQ:GOOGL ) ",0.25
2023-09-26,"Apple's Eddy Cue to Testify in DOJ's Google Trial, Defending Google Default Search Deal - Samsung Electronics Co  ( OTC:SSNLF ) , Alphabet  ( NASDAQ:GOOG ) , Alphabet  ( NASDAQ:GOOGL ) , Apple  ( NASDAQ:AAPL ) ",0.0
2023-09-26,Interested in Arm Holdings? These 2 Chip Stocks Are Growing Even Faster and Are More Reasonably Valued.,0.2625
2023-09-26,3 Warren Buffett Stocks Worth Owning Forever,0.4
2023-09-26,"Apple's Asian Shift: China's Loss Could Be India's Billion-Dollar Gain And Cut Cupertino's Geopolitical Risk, Says Munster - Apple  ( NASDAQ:AAPL ) ",-0.1
2023-09-26,JPMorgan sees India in its top 3 fastest-growing Asia markets in 2024,0.5
2023-09-26,Netflix  ( NFLX )  Strengthens APAC Footprint With New Initiatives,-0.33181818181818185
2023-09-26,"Meta Connect will focus on AI and mixed reality, but does that include Apple?",0.011746031746031737
2023-09-26,"Repairing iPhone 15 Pro's Back Glass Is 3x Cheaper, But It Is Shockingly Fragile - Apple  ( NASDAQ:AAPL ) ",0.17777777777777778
2023-09-26,3 Vanguard Mutual Funds to Buy Now,0.22727272727272727
2023-09-26,iPhone 15 Pro Max Has $30 Worth Titanium: YouTuber JerryRig Finds It 'Exquisite' And Worth Every Buzzword Apple Used - Apple  ( NASDAQ:AAPL ) ,0.4340909090909091
2023-09-26,"Meta Quest 3 Takes On Apple Vision Pro: What You Need to Know - Release Date, Specs, And Prices Leak Before Connect - Meta Platforms  ( NASDAQ:META ) ",0.0
2023-09-26,Should You Invest in the Fidelity MSCI Information Technology Index ETF  ( FTEC ) ?,0.0
2023-09-26,Should Vanguard Russell 1000 Growth ETF  ( VONG )  Be on Your Investing Radar?,0.0
2023-09-26,"OnePlus Is Bringing Apple's Dynamic Island To Its Phones With The OxygenOS 14 Update, But There's A Catch - Apple  ( NASDAQ:AAPL ) ",0.05454545454545454
2023-09-26,Berkshire Hathaway  ( BRK.B )  Continues to Offload HP  ( HPQ )  Shares,0.09999999999999999
2023-09-26,New Ultra Compact Epson RapidReceipt RR-400W Wireless Desktop Receipt Scanner To Boost Productivity - PR Newswire,0.13636363636363635
2023-09-26,"iPhone 15's FineWoven Cases Look Like A Fine Mess, But Tim Cook's Team Has A Strategy For Retail Teams - Apple  ( NASDAQ:AAPL ) ",0.029671717171717172
2023-09-26,"iPhone 15 Pro Max Vs. Samsung Galaxy S23 Ultra: Which Takes The Best Moon Shots? The Winner Is Clear, But... - Samsung Electronics Co  ( OTC:SSNLF ) ",0.5333333333333333
2023-09-26,Disruption at Pegatron plant unlikely to affect iPhone production in India,-0.135
2023-09-26,What is Apple's 'Project Nova' And Will It Put A Dedicated Camera Shutter Button On iPhone 16 - Apple  ( NASDAQ:AAPL ) ,0.13333333333333333
2023-09-25,"As Amazon Prime Video adds commercials, here's how streaming services match up on pricing",0.1875
2023-09-25,Futures: Key Inflation Data Looms As Stocks Bounce,0.0
2023-09-25,Tax Cuts From The Bush And Trump Eras Have Cost The Government $10 Trillion It Now Owes - Apple  ( NASDAQ:AAPL ) ,0.0
2023-09-25,Dow Jones Gains As Trump Ramps Up Shutdown Pressure; Tesla Up Despite This Call As LI Dives,0.0
2023-09-25,Stock Market Today: Mega-Cap Strength Keeps Stocks Above Water,0.1625
2023-09-25,This Stock Is Yielding Over Double the Inflation Rate Right Now,0.17037981859410428
2023-09-25,A handful of stocks have driven much of this year's rally. That's becoming a serious problem on the way down.,0.1322222222222222
2023-09-25,iPhone 15 Demand Outpaces Supply: Morgan Stanley Is Optimistic On Apple's Performance - Apple  ( NASDAQ:AAPL ) ,0.0
2023-09-25,Netflix  ( NFLX )  Expands Portfolio With New Italian Content,0.0909090909090909
2023-09-25,"Small Caps Signal Recession Worries, Large Caps Hold Up On AI Frenzy - General Motors  ( NYSE:GM ) ",0.055357142857142855
2023-09-25,Can Apple Weather This Storm? - Apple  ( NASDAQ:AAPL ) ,-0.049999999999999996
2023-09-25,Is Reality Setting In? Get Prepared For The Upcoming Week With Markets With Mando! - Apple  ( NASDAQ:AAPL ) ,0.2
2023-09-25,"Market Clubhouse Morning Memo - September 25th, 2023  ( Trade Strategy For SPY, QQQ, AAPL, MSFT, TSLA, META, And GOOGL )  - Invesco QQQ Trust, Series 1  ( NASDAQ:QQQ ) ",0.4375
2023-09-25,"ChatGPT Introduces Verbal Responses, Challenging Siri And Alexa - Microsoft  ( NASDAQ:MSFT ) ",0.05606060606060606
2023-09-25,Amidst US Hurdles Apple Rival Huawei Showcases Mate 60 Smartphone Lineup - Apple  ( NASDAQ:AAPL ) ,0.4666666666666666
2023-09-25,Futures Fall As 10-Year Treasury Jumps To New High,0.022532467532467532
2023-09-25,"Early iPhone 15 Pro Buyers Complain Of Overheating, Some Report Throttling And Discoloration Issues - Apple  ( NASDAQ:AAPL ) ",-0.23272727272727273
2023-09-25,Investors Heavily Search Apple Inc.  ( AAPL ) : Here is What You Need to Know,0.19999999999999998
2023-09-25,India ETFs Surge in Q3: Here's Why,0.012000000000000005
2023-09-25,"Apple's iOS 17 Update Challenges Google's Search Engine Dominance - Alphabet  ( NASDAQ:GOOG ) , Alphabet  ( NASDAQ:GOOGL ) , Apple  ( NASDAQ:AAPL ) ",-0.27499999999999997
2023-09-25,'I Can't Stand How Wild This Is': Former Windows Head Is Shocked That An iPhone 15 Can Offer A Desktop-Like Experience - Apple  ( NASDAQ:AAPL ) ,0.04204545454545454
2023-09-25,An Oversold Market Faces Obstacles in the Week Ahead,-0.0875
2023-09-25,Semiconductor companies are in denial about this sea-change with their biggest customers,-0.125
2023-09-25,"Google Pixel 8 May Outshine Apple's iPhone With 7 Years Of Android Updates - Alphabet  ( NASDAQ:GOOG ) , Alphabet  ( NASDAQ:GOOGL ) ",0.018181818181818174
2023-09-25,Tim Cook And Teresa Perales Bond Over How The Champion Paralympian Uses Apple Watch For Training - Apple  ( NASDAQ:AAPL ) ,0.5
2023-09-25,Should WisdomTree U.S. LargeCap Dividend ETF  ( DLN )  Be on Your Investing Radar?,0.0
2023-09-25,"Jamie Raskin's Warning On Government Shutdown, Ted Cruz Predicts Biden Bowing Out, Musk 'Buying' iPhone15 And More: Top Stories From This Weekend You Shouldn't Miss - Tesla  ( NASDAQ:TSLA ) , General Motors  ( NYSE:GM ) ",0.25833333333333336
2023-09-25,Apple's Indian contract unit temporarily halts iPhone assembly after fire,0.016666666666666663
2023-09-25,Usher's Super Bowl Halftime Debut: Can He Outshine Rihanna? - Apple  ( NASDAQ:AAPL ) ,0.24444444444444444
2023-09-25,"Mark Mobius Advises Cutting Back On Chinese Consumer Stocks For This Sector Amid Xi Jinping's Boost: 'But The Problem Now Is...' - iShares MSCI Emerging Index Fund  ( ARCA:EEM ) , Taiwan Semiconductor  ( NYSE:TSM ) ",-0.019999999999999997
2023-09-25,1 Massive Overlooked Risk for Intel and AMD,0.0
2023-09-25,Warren Buffett Has Put $150 Billion of Berkshire Hathaway's Cash to Work in These 4 Stocks,0.4
2023-09-25,Apple's 'Made In India' Production Could Surge To $40 Billion in the Coming Years - Apple  ( NASDAQ:AAPL ) ,0.125
2023-09-25,"India loosening its planned restrictions on laptop, tablet imports",0.09375
2023-09-25,"After Apple, Google Might Also Increase The Price Of Upcoming Pixel 8, Pixel 8 Pro - Samsung Electronics Co  ( OTC:SSNLF ) , Alphabet  ( NASDAQ:GOOG ) , Alphabet  ( NASDAQ:GOOGL ) ",0.25
2023-09-25,Taimanin RPG Extasy Pre-Registration Begins,0.20000000000000004
2023-09-25,"Stock Stories, Vol. 8: The Dividends of Patience",0.0
2023-09-25,"The Data Center Market to grow by USD 329.82 billion from 2022 to 2027, Growth Driven by a Rise in the adoption of ... - PR Newswire",-0.1
2023-09-24,"Crypto Analyst Says Bitcoin 'Bottom' Not In Yet, Predicts New Six-month Lows - Apple  ( NASDAQ:AAPL ) ",0.1340909090909091
2023-09-24,"Sustainability Meets Scrutiny: Apple's FineWoven iPhone Cases Draw Intense Criticism, Labeled 'Categorically Terrible' - Apple  ( NASDAQ:AAPL ) ",-0.06000000000000001
2023-09-24,Navigating Through Uncertainty: Apple's iPhone 15 Launch Raises Questions About Demand - Apple  ( NASDAQ:AAPL ) ,0.05909090909090909
2023-09-24,"Crypto Expert Warns Of $440 Billion Wipeout, Shares Concerning Prediction About Bitcoin",0.05
2023-09-24,Is It Too Late to Buy Apple Stock?,-0.033333333333333326
2023-09-24,"Got $3,000? These 3 Stocks Could Double Your Money by 2030.",0.08
2023-09-24,3 Warren Buffett Stocks to See Skyrocketing AI Growth,0.1
2023-09-24,"Elon Musk Buying iPhone 15, iOS 17 Draining Battery, Jaw-Dropping Deal On New Phones And More: This Week In Appleverse - Verizon Communications  ( NYSE:VZ ) ",0.23724747474747476
2023-09-24,"1 Reason Apple Stock Is a Screaming Buy, and 1 Reason to Avoid It Like the Plague",0.25
2023-09-24,Prediction: Here's How Much Apple Will Be Worth in 2030,0.125
2023-09-23,3 Warren Buffett Stocks You Can Buy in September and Hold Forever,0.4
2023-09-23,2 Warren Buffett Stocks to Hold Forever,0.125
2023-09-23,Tim Cook and Apple Are Running Circles Around Mark Zuckerberg's Metaverse Vision,0.0
2023-09-23,A fund manager at a $250 billion firm that aims to capture megatrends shares the top 10 stocks pulled from its 12 strategies,0.2
2023-09-23,Did You Know About iPhone 15's Charger's 'Handshake' Trick? - Apple  ( NASDAQ:AAPL ) ,0.25
2023-09-23,"Elon Musk Praises iPhone 15 Photos: 'Buying One,' Tells Tim Cook - Apple  ( NASDAQ:AAPL ) ",0.5
2023-09-23,Apple's Latest Event and the Fundamentals of Reinsurance,0.55
2023-09-23,"Buy the Dip in Apple, or Has the Trend Turned Rotten?",-0.016666666666666666
2023-09-22,"Here's How Nvidia, Apple, and Microsoft Could Pay You $1,000 Per Year in Dividend Income",0.5
2023-09-22,Why Broadcom Stock Was on the Rebound Today,-0.5
2023-09-22,Dow Falls But Apple Gains On iPhone Launch; UAW Lets Ford Off The Hook,0.0
2023-09-22,"Despite Speculation of Google's Shift, Analyst Sees Strong Ties and Momentum in Broadcom's Decade-Long Partnership - Broadcom  ( NASDAQ:AVGO ) ",0.10833333333333332
2023-09-22,"AAPL: Apple Inc.  ( AAPL ) , TransAct Technologies  ( TACT ) , and NetApp  ( NTAP )  - Tech Buy or Sell?",0.0
2023-09-22,Made-in-India Apple's iPhone 15 likely to see blockbuster sales: Retailers,0.09821428571428571
2023-09-22,5 Top Technology ETFs YTD With More Upside Potential,0.3333333333333333
2023-09-22,Has the Birkenstock IPO News Grabbed Your Attention?,0.0
2023-09-22,Apple iPhone 15 Hits Market: Why One Analyst Sees Strong Market Share Gains - Apple  ( NASDAQ:AAPL ) ,0.21666666666666665
2023-09-22,Amazon  ( AMZN )  Bolsters Echo Portfolio With New Devices,0.16233766233766234
2023-09-22,Are Stocks in a Secular Bull or Bear Market Right Now?,0.2857142857142857
2023-09-22,"Dow Jones Rises As Apple Stock Shines; Meta Platforms, Nvidia Lead Tech Bounce",0.125
2023-09-22,"'Stocks In Monopolistic Bull Market': Wall Street Analyst Contemplates A Bright Future For Next Phase - Alphabet  ( NASDAQ:GOOG ) , Alphabet  ( NASDAQ:GOOGL ) , Meta Platforms  ( NASDAQ:META ) , NVIDIA  ( NASDAQ:NVDA ) ",0.21250000000000002
2023-09-22,Classic Gap Down In Bonds Is Negative For Stocks - Spot On Long-Term Arora Call - iShares 20+ Year Treasury Bond ETF  ( NASDAQ:TLT ) ,-0.11666666666666668
2023-09-22,What's Going On With Nvidia Stock Friday? - NVIDIA  ( NASDAQ:NVDA ) ,0.25
2023-09-22,"Stock Market News for Sep 22, 2023",-0.075
2023-09-22,Jim Cramer's top 10 things to watch in the stock market Friday,0.5
2023-09-22,Qualcomm  ( QCOM )  at Crossroads in China: Should Investors Fret?,0.0
2023-09-22,Huawei's 5G Kirin 9000s Processor Challenges Nvidia's Tech Supremacy - NVIDIA  ( NASDAQ:NVDA ) ,0.16666666666666666
2023-09-22,iPhone 15 Series: Will Higher Prices And Exclusive Features Boost Apple's Q4 Revenue? - Apple  ( NASDAQ:AAPL ) ,0.225
2023-09-22,"Tech money is finally flowing again, and it may be just the beginning",-0.025
2023-09-22,Futures Look To Rebound From Market Sell-Off,0.0
2023-09-22,Mobile Chip Giant QUALCOMM Downsizing In China And Taiwan Amid Lingering Industry Challenges: Report - Qualcomm  ( NASDAQ:QCOM ) ,-0.15000000000000002
2023-09-22,"So, Is The iPhone 15 Pro's Titanium Build Stronger? What An Early Drop Test Reveals - Apple  ( NASDAQ:AAPL ) ",0.24545454545454545
2023-09-22,A major stock-market shift that Wall Street has been waiting for all year is finally starting. But can it last?,0.043750000000000004
2023-09-22,A Difficult Market Is Complicated by Unusual Strength in Just 7 Stocks,-0.036458333333333336
2023-09-22,3 Tech Mutual Funds to Buy as Fed Pauses Rate Hike,0.0
2023-09-22,How To Use AirPods Adaptive Audio On iOS 17 For The Ultimate Sound Experience - Apple  ( NASDAQ:AAPL ) ,0.2590909090909091
2023-09-22,Is Schwab Fundamental U.S. Broad Market Index ETF  ( FNDB )  a Strong ETF Right Now?,0.2489583333333333
2023-09-22,Better Buy: This Top-Shelf Renewable Energy ETF or a 50/50 Split of Enphase and SolarEdge?,0.0
2023-09-22,"'Get The Message:' Google Roasts Apple With New Mocking 'iPager' Add To End Green Vs Blue Text Bubbles War - Alphabet  ( NASDAQ:GOOG ) , Alphabet  ( NASDAQ:GOOGL ) ",-0.04040404040404041
2023-09-22,The 2024 Ford Maverick review: A versatile compact pickup that's good for work and play,0.675
2023-09-22,"1 Growth Stock Poised to Join Alphabet, Nvidia, Apple, Amazon, and Microsoft in the $1 Trillion Club",0.4333333333333333
2023-09-22,"You Can Now Use Your Google Pixel As A Webcam, Just Like An iPhone - Alphabet  ( NASDAQ:GOOG ) , Alphabet  ( NASDAQ:GOOGL ) ",0.4454545454545455
2023-09-22,Buy These Chinese Tech Stocks as Risk to Reward Becomes Favorable,0.10714285714285715
2023-09-22,"Apple Cuts Back On Retail Employee Raises As Pandemic-Era Generosity Fades - Stellantis  ( NYSE:STLA ) , Ford Motor  ( NYSE:F ) , General Motors  ( NYSE:GM ) ",-0.019999999999999997
2023-09-22,E-Commerce Market to grow by USD 12951.56 billion from 2022 to 2027 | The market is fragmented due to the ... - PR Newswire,-0.125
2023-09-22,"US stocks close at lowest since June, Treasury yields spike on hawkish Fed",0.1025
2023-09-21,Apple  ( AAPL )  Stock Moves -0.89%: What You Should Know,0.13333333333333333
2023-09-21,Tame Google Stock Chart Anxiety With These 3 Chart Pattern Phases,-0.10833333333333334
2023-09-21,Netflix  ( NFLX )  Resurrects Onimusha with Epic Anime Revival,0.18727272727272726
2023-09-21,"Here's a rapid-fire update on all 35 stocks in the Club's portfolio, including a new buy",0.13636363636363635
2023-09-21,"Charlie Munger Says, 'I Want To Swim As Well As I Can Against The Tides. I'm Not Trying To Predict The Tides' - Learn To Live Through The Ups And Downs",0.10316161616161616
2023-09-21,Why Broadcom Stock Was Down Today,-0.07777777777777779
2023-09-21,"First iPhone 15, iPhone 15 Pro Reviews Praise USB-C: Cameras Improved, But Image Quality Still Not The Best - Apple  ( NASDAQ:AAPL ) ",0.375
2023-09-21,"The New Dot Plot Hits The Stock Market - Here Is What You Need To Know, A Shocker In New Data - Apple  ( NASDAQ:AAPL ) ",0.1989057239057239
2023-09-21,Global Mobile Value Added Services  ( MVAS )  Strategic Analysis Report 2023-2030 - Robust Outlook for Location-Based Advertising Spurs Demand for Location-based MVAS,0.0
2023-09-21,"Here are the 15 stocks Jim Cramer is watching, including 3 recent IPOs and Starbucks",0.05
2023-09-21,"Market Clubhouse Morning Memo - September 21st, 2023  ( Trade Strategy For SPY, QQQ, AAPL, MSFT, And TSLA )  - Invesco QQQ Trust, Series 1  ( NASDAQ:QQQ ) ",0.2916666666666667
2023-09-21,"Stock Market News for Sep 21, 2023",0.0
2023-09-21,"The Zacks Analyst Blog Highlights Apple, Bank of America, Cisco Systems, Fidelity National Information Services and HP",0.5
2023-09-21,Jim Cramer's top 10 things to watch in the stock market Thursday,0.4166666666666667
2023-09-21,Half of Arm Holdings' Revenue May Not Grow at All,-0.17708333333333331
2023-09-21,Futures Slide Ahead Of Jobless Claims,0.0
2023-09-21,"Apple Watch Obsession Gets Michigan Woman Stuck In Waste Storage, First Responders Come To The Rescue - Apple  ( NASDAQ:AAPL ) ",0.016666666666666663
2023-09-21,Should You Invest in the iShares U.S. Technology ETF  ( IYW ) ?,0.0
2023-09-21,Should You Invest in the Invesco Dorsey Wright Technology Momentum ETF  ( PTF ) ?,0.0
2023-09-21,Here's Everything iPhone 15 Pro Can Do With The New USB-C Port That Older iPhones Could Not - Apple  ( NASDAQ:AAPL ) ,0.18434343434343434
2023-09-21,Nvidia CEO touts India as major AI market in bid to hedge China risks,-0.2976851851851852
2023-09-21,How Apple Learnt Making Its Own Modem Chips For iPhone 15 Wasn't A Cakewalk Like Manufacturing Processors - Qualcomm  ( NASDAQ:QCOM ) ,0.16666666666666666
2023-09-21,Nvidia CEO touts India as major AI market in a bid to hedge China risks,0.020833333333333332
2023-09-21,"Wall Street closes lower after Fed holds rates steady, warns of higher for longer",0.15393518518518517
2023-09-20,"Apple's New Challenges: USB-C Adoption, Samsung Tie in Customer Satisfaction, and Honor CEO's Criticism - Apple  ( NASDAQ:AAPL ) ",0.1680194805194805
2023-09-20,"WallStreetBets Retail Traders Take Aim At Tech With Tesla, Nvidia, Apple Among Most-Mentioned Stocks - Tesla  ( NASDAQ:TSLA ) ",0.25
2023-09-20,Microsoft narrowing market cap gap with Apple for world's largest stock,0.10833333333333334
2023-09-20,Initial Demand For Apple's iPhone 15 Handsets Called 'Mixed At Best',0.25
2023-09-20,"Unpacking Apple's 2% Stock Surge Following The iOS 17 Release - Features, Impact, And Investor Confidence - Apple  ( NASDAQ:AAPL ) ",0.18181818181818182
2023-09-20,"Top Analyst Reports for Apple, Bank of America, Cisco & Others",0.1747159090909091
2023-09-20,National Debt Reaches $33 Trillion - Prudent Investors Concerned But Momo Crowd Says Debt Doesn't Matter - Apple  ( NASDAQ:AAPL ) ,0.5
2023-09-20,"Market Clubhouse Morning Memo - September 20th, 2023  ( Trade Strategy For SPY, QQQ, AAPL, MSFT, And META )  - Invesco QQQ Trust, Series 1  ( NASDAQ:QQQ ) ",0.2916666666666667
2023-09-20,Apple Stock: Bull vs. Bear,0.0
2023-09-20,Get The USB-C AirPods Pro 2 At A $50 Discount - Best Buy Co  ( NYSE:BBY ) ,0.44666666666666666
2023-09-20,"Top Stories Wednesday, Sep 20: Elon Musk-Backed Neuralink Starts Participant Enrollment For Paralysis, Eli Lilly Cracks Down on Counterfeit Weight Loss Drugs, Meta Looks to Capitalize on India's In-App Payment Surge - Apple  ( NASDAQ:AAPL ) , Amazon.com  ( NASDAQ:AMZN ) ",0.1486111111111111
2023-09-20,How To Enable Fast Haptic Touch For A 3D Touch-Like Experience - Apple  ( NASDAQ:AAPL ) ,0.14372294372294372
2023-09-20,2 Dividends  ( Growing Triple Digits )  To Buy As Rates Roll Over,0.65
2023-09-20,"Stock Trading Feature For iPhones? A Financial Service Apple And Goldman Sachs Almost Delivered - Apple  ( NASDAQ:AAPL ) , Goldman Sachs Gr  ( NYSE:GS ) ",-0.041666666666666664
2023-09-20,"Here are the 14 stocks Jim Cramer is watching, including Apple, Goldman Sachs, Amazon",0.1
2023-09-20,1 Warren Buffett Stock to Buy and Hold Forever,0.3
2023-09-20,"Apple Workers in France Call for 7% Pay Hike, Strike Coincides with iPhone 15 Release - Apple  ( NASDAQ:AAPL ) ",0.06818181818181818
2023-09-20,'Never Thought I Would Ever Need That Feature': Apple Watch Saves Life In A Highway Car Crash - Apple  ( NASDAQ:AAPL ) ,0.0
2023-09-20,2 Hot Stocks to Buy and Hold Until You Retire,0.20833333333333331
2023-09-20,"Futures Rise Ahead Of Fed Decision, Powell Comments",0.55
2023-09-20,"Antitrust Trial Exposes Google's Battle Against Amazon for Advertising Supremacy - Alphabet  ( NASDAQ:GOOG ) , Alphabet  ( NASDAQ:GOOGL ) ",0.0
2023-09-20,Apple's iPhone 15 Ad Misfires: Disappearing Dynamic Island To Misaligned Frames - Apple  ( NASDAQ:AAPL ) ,0.0
2023-09-20,My Top FAANG Stock to Buy for the Second Half of 2023  ( and Beyond ) ,0.16666666666666666
2023-09-20,"Huawei's HiSilicon Bypasses Export Controls, Posing Competition to Apple and Nvidia with Surveillance Chip Shipments - NVIDIA  ( NASDAQ:NVDA ) , Apple  ( NASDAQ:AAPL ) ",0.5
2023-09-20,Should Schwab U.S. Large-Cap Growth ETF  ( SCHG )  Be on Your Investing Radar?,0.0
2023-09-20,Should You Invest in the Vanguard Information Technology ETF  ( VGT ) ?,0.0
2023-09-20,53% of Warren Buffett's $353 Billion Portfolio Is Invested in Just 1 Stock Market Sector,-0.07142857142857142
2023-09-20,"Apple's iPhone 15 Pro Raises The Heat Alarms, Temperatures Can Reach 118 Degrees - Qualcomm  ( NASDAQ:QCOM ) ",0.19318181818181818
2023-09-20,88% of Warren Buffett's $352 Billion Portfolio Is Invested in Just 4 Sectors,0.1
2023-09-20,Is iOS 17 Sucking The Life Out Of Your iPhone? Here's Why And When It'll Get Better - Apple  ( NASDAQ:AAPL ) ,0.1013888888888889
2023-09-20,"Google's Map Dominance Crumbles As Apple Maps Surges On iPhones, Reveals Finance VP - Alphabet  ( NASDAQ:GOOG ) , Alphabet  ( NASDAQ:GOOGL ) ",0.325
2023-09-19,Tech Titans Beware: SVB Bank's Collapse Threatens Roku,0.25
2023-09-19,"Max to launch live-sports tier in October, featuring MLB, NBA, NHL games",0.0
2023-09-19,"Fed Countdown: Fireworks Lacking As Market Trades In Narrow Range Ahead Of Wednesday's Rate Decision - Apple  ( NASDAQ:AAPL ) , Amazon.com  ( NASDAQ:AMZN ) ",-0.09583333333333334
2023-09-19,Apple's Soaring Demand in China: iPhone 15 Causes Website Crash and Sells Out in Under a Minute! - Apple  ( NASDAQ:AAPL ) ,0.1
2023-09-19,PYPL: PayPal Holdings  ( PYPL )  - Insights for This Trading Week,0.1
2023-09-19,"Is Apple's Reign Over? Microsoft Gains Ground with Skyrocketing Growth and AI Prowess - Microsoft  ( NASDAQ:MSFT ) , Apple  ( NASDAQ:AAPL ) ",0.35
2023-09-19,Apple's  ( AAPL )  Prospects Shine on iPhone 15 Pro Max Demand,0.2848484848484848
2023-09-19,"Google tweaks ad auctions to hit revenue targets, as much as 5%: Exec",0.2
2023-09-19,5 Hot U.S. Equity ETFs of Last Week,0.1
2023-09-19,7 Artificial Intelligence Stocks Owned by Warren Buffett's $803 Billion Investment Company,-0.6
2023-09-19,"Dot Plot Will Be The Most Important Chart For Investors To Watch Tomorrow, Brent Crude Hits $95 - Apple  ( NASDAQ:AAPL ) ",0.040000000000000015
2023-09-19,2 Leading Tech Stocks to Buy in 2023 and Beyond,-0.0125
2023-09-19,"Amazon Poaches Microsoft's Product Chief, Google And DoD Team Up For AI-Powered Microscope To Identify Cancer, Rocket Lab's 41st Mission Succumbed To Technical Issues: Today's Top Stories - Apple  ( NASDAQ:AAPL ) , Amazon.com  ( NASDAQ:AMZN ) ",0.125
2023-09-19,"Market Clubhouse Morning Memo - September 19th, 2023  ( Trade Strategy For SPY, QQQ, AAPL, MSFT, NVDA, AMZN, And TSLA )  - Invesco QQQ Trust, Series 1  ( NASDAQ:QQQ ) ",0.4375
2023-09-19,"Here are the 13 stocks Jim Cramer is watching, including Amazon, Apple, Carnival",0.1
2023-09-19,"Company News for Sep 19, 2023",0.0
2023-09-19,TSMC Eyes Strategic Packaging Capacity Boost in Arizona as Semiconductor Packaging Challenges Persist - Taiwan Semiconductor  ( NYSE:TSM ) ,0.4
2023-09-19,Futures Rise Ahead Of Fed Meeting; Instacart IPO To Debut,0.0
2023-09-19,Best ETFs of Last Week,0.21875
2023-09-19,"From Instagram to High Times: Unpacking the Power of Vast User Networks - Apple  ( NASDAQ:AAPL ) , Amazon.com  ( NASDAQ:AMZN ) ",0.13272727272727272
2023-09-19,5 Investors Make $1 Billion A Year From Dividends Alone,-0.3333333333333333
2023-09-19,Honor CEO Says iPhone 15 Series Lacks Innovation: 'When Everyone Can Expect It Before The Launch...' - Apple  ( NASDAQ:AAPL ) ,0.08409090909090908
2023-09-19,2 Stocks Warren Buffett Is Significantly Overweight In,0.44722222222222224
2023-09-19,"Apple's Stock Poised For Over 20% Gain, Says Goldman On Strong iPhone 15 Demand - Apple  ( NASDAQ:AAPL ) ",0.18333333333333332
2023-09-19,Foxconn's Huawei Unit Workers Are Cashing Bigger Paychecks Than iPhone Assemblers - Apple  ( NASDAQ:AAPL ) ,0.31666666666666665
2023-09-19,'Tim Cook Gets It': Elon Musk Praises Apple CEO For Defending X Amid Controversy With ADL - Apple  ( NASDAQ:AAPL ) ,0.0
2023-09-19,"Inaccurate Apple Products Reviews Could Be A Marketing Gimmick, Says This Tech Guru - Apple  ( NASDAQ:AAPL ) ",-0.09999999999999999
2023-09-19,Google modifies its ad auctions to meet revenue goals,0.2
2023-09-18,Apple Offering Apple Card Users Incentive For Electric Vehicle Charging: Here Are The Details - Apple  ( NASDAQ:AAPL ) ,0.24545454545454545
2023-09-18,"If You Invested In Apple Stock Instead Of Buying iPhones Each Year, Here's How Much You'd Have Today - Apple  ( NASDAQ:AAPL ) ",0.12285714285714286
2023-09-18,"Music and Video Market to grow by USD 413.28 billion from 2022 to 2027, the market is fragmented due to the presence of prominent companies like Alphabet Inc., Amazon.com Inc. and Apple Inc., and many more - Technavio",0.28733766233766234
2023-09-18,"Music and Video Market to grow by USD 413.28 billion from 2022 to 2027, the market is fragmented due to the ... - PR Newswire",-0.125
2023-09-18,Futures: Fed Meeting Looms; Instacart IPO To Price Shortly,0.0
2023-09-18,"Halliburton equipment worth over $7 million imported into Russia after company exited country, report says",0.3
2023-09-18,Dow Jones Up As Tesla Falls On These Worries; Bill Ackman Stocks Eye Entries But Consider This,0.0
2023-09-18,U.S. News adds economics degree programs to its college rankings - and these 7 schools tied for No. 1,0.5
2023-09-18,Apple's stock flirts with best day in four months as analyst explains why bears should show caution,0.2943181818181818
2023-09-18,Investors Pay Attention: Saudi Arabia And Russia Making Fight Against Inflation Difficult - Apple  ( NASDAQ:AAPL ) ,-0.07454545454545455
2023-09-18,Tired Of The Wall Street Drama? Here's How To Unlock Better Returns & Lower Risk - Walgreens Boots Alliance  ( NASDAQ:WBA ) ,0.17199074074074072
2023-09-18,Apple Stock Rises On Reports Of Strong iPhone 15 Pro Demand,0.31666666666666665
2023-09-18,Banks Unite To Combat Big Tech Under Their Turf - Apple  ( NASDAQ:AAPL ) ,0.125
2023-09-18,FTC antitrust showdown with Amazon nears,0.0
2023-09-18,Wall Street downgrades this fintech name. Here's why Cramer agrees with the call,0.06818181818181818
2023-09-18,"Top Stories Monday, Sep. 18: Single Bitcoin In 2021 Was Enough To Purchase A Tesla Model Y, Softbank Explores Investing In OpenAI, Ford Faces UAW Strike In US, Canada - Apple  ( NASDAQ:AAPL ) ",0.16952380952380952
2023-09-18,"Market Clubhouse Morning Memo - September 18th, 2023  ( Trade Strategy For SPY, QQQ, AAPL, MSFT, NVDA, META, And TSLA )  - Invesco QQQ Trust, Series 1  ( NASDAQ:QQQ ) ",0.4375
2023-09-18,"Stock Market News for Sep 18, 2023",-0.0625
2023-09-18,"Get The iPhone 15 Pro With A Discount Of Up To $1,000 And A Free Apple iPad Worth $460 - Verizon Communications  ( NYSE:VZ ) ",0.28571428571428575
2023-09-18,"PayPal Downgraded As New CEO Faces Apple, Square Competition",0.06818181818181818
2023-09-18,Futures Lower As Fed Meeting Looms,0.0
2023-09-18,Best Leveraged ETF Areas of Last Week,0.21875
2023-09-18,Will Nvidia's stock follow the path of Apple or Cisco as the AI era for tech begins?,0.0
2023-09-18,Apple's iPhone 15 Probably Won't Spark Sales Growth. That's Starting to Become a Problem for the Stock.,0.2333333333333333
2023-09-18,"US Stock Futures Edge Higher Amid Cautious Optimism; Analyst Says How Fed Packages Sept. Pause Key For Market Direction - PTC Therapeutics  ( NASDAQ:PTCT ) , Invesco QQQ Trust, Series 1  ( NASDAQ:QQQ ) , Stitch Fix  ( NASDAQ:SFIX ) , ARM Holdings  ( NASDAQ:ARM ) ",0.09999999999999999
2023-09-18,"Apple To Start Rolling Out iOS 17 Update Today: How To Download, Top Features And More - Apple  ( NASDAQ:AAPL ) ",0.2532467532467532
2023-09-18,"'Apple GPT' To 10-year Special Apple Watch And Bigger iPhones, 2024 Could Be A Blockbuster Year For Apple - Microsoft  ( NASDAQ:MSFT ) , Alphabet  ( NASDAQ:GOOG ) , Alphabet  ( NASDAQ:GOOGL ) , Meta Platforms  ( NASDAQ:META ) ",0.15535714285714286
2023-09-18,The 1 and Only Stock Warren Buffett Loves Even More Than Apple,0.11666666666666665
2023-09-18,Apple's iPhone 15 Pro Sales Decline While Pro Max Rockets: Ming-Chi Kuo's Insights - Apple  ( NASDAQ:AAPL ) ,0.2833333333333333
2023-09-18,"'The Best Game Console': Apple Thinks The iPhone 15 Pro Will Be Better Than Sony's PlayStation And Microsoft's Xbox - Microsoft  ( NASDAQ:MSFT ) , Qualcomm  ( NASDAQ:QCOM ) ",0.38571428571428573
2023-09-18,"Elon Musk Is Working On Integrating iMessage, WhatsApp And Signal In One 'Magical Kayak' - Meta Platforms  ( NASDAQ:META ) ",0.25
2023-09-18,"Apple Analyst Says iPhone 15 Pro, Pro Max Preorders Strong Out Of The Gates, Increasing Confidence In Estimates For Holiday Quarter - Apple  ( NASDAQ:AAPL ) ",0.15212121212121213
2023-09-18,"Foxconn aims to double India investment, employment",0.0
2023-09-18,Tim Cook Defends Apple's Stance: Why Cupertino Won't Abandon Elon Musk's X Amid ADL Controversy - Apple  ( NASDAQ:AAPL ) ,0.0
2023-09-18,Why Gurman Thinks Apple Can Come Out On Top This Holiday Quarter And Reverse Sales Slide - Apple  ( NASDAQ:AAPL ) ,0.5
2023-09-17,"Foxconn Plans To Double Workforce, Investment In India Within A Year - Apple  ( NASDAQ:AAPL ) ",0.0
2023-09-17,Is Apple Losing Its Spark? Recent Sales Figures Suggest So. - Apple  ( NASDAQ:AAPL ) ,0.06818181818181818
2023-09-17,My Take: 4 Strong Growth Stocks to Buy This Week,0.21666666666666665
2023-09-17,2 Under-the-Radar Gaming Stocks You Can Buy and Hold for the Next Decade,0.0
2023-09-17,"Iphone 15 Launch, New Macbook Pro, New Apple Accessories: Top Stories Of The Week From The Appleverse - AT&T  ( NYSE:T ) , DISH Network  ( NASDAQ:DISH ) ",0.2019090909090909
2023-09-17,Analyst: Apple Stock Could Soar to $240,0.0
2023-09-17,"Can Bitcoin Reach $100,000?",0.0
2023-09-17,"If You Invested $3,000 in Qualcomm in 2021, This Is How Much You Would Have Today",0.2
2023-09-17,Warren Buffett's AI Bets: 46.1% of Berkshire Hathaway's $353 Billion Stock Portfolio Is Held in These 2 Artificial Intelligence  ( AI )  Growth Stocks,-0.6
2023-09-16,3 Things About Apple That Smart Investors Know,0.21428571428571427
2023-09-16,What Are FAANG Stocks?,0.0
2023-09-16,Tim Cook's iPhone 15 Color Dilemma: 'A Hard Decision' - Apple  ( NASDAQ:AAPL ) ,0.03472222222222222
2023-09-16,Maybe it is time to look beyond the biggest tech stocks,0.22727272727272727
2023-09-16,"'Is my husband the cheapest man in America?' We only eat out on our anniversary, and I don't even have an engagement ring.",0.0
2023-09-16,1 Growth ETF That Could Make You a Stock Market Millionaire With Next to No Effort,0.0
2023-09-16,Cathie Wood Is Buying These Top Growth Stocks -- and Both Could Make You Rich Over Time,0.4375
2023-09-15,Weekly Roundup,0.1875
2023-09-15,Apple Could Jump 20% According to This Wall Street Analyst. Time to Buy?,0.0
2023-09-15,2 Stocks to Invest in Virtual Reality  ( VR ) ,-0.041666666666666664
2023-09-15,Prediction: 2 Artificial Intelligence  ( AI )  Growth Stocks That Will Join Apple and Microsoft in the $2 Trillion Club by 2033,-0.6
2023-09-15,"Preorders for the iPhone 15 have begun, and here's a sign they've been 'solid'",0.0
2023-09-15,Arm IPO: Should Investors Buy Into the Hype?,0.040000000000000015
2023-09-15,Apple Taps Seasoned Executive To Head 'Secret' Team Developing Glucose Monitoring Device - Stocks To Watch - Apple  ( NASDAQ:AAPL ) ,0.11875
2023-09-15,"iPhone 15 preorders: Here are the deals from AT&T, T-Mobile and Verizon.",0.0
2023-09-15,Warren Buffett Powers Down HP Position,-0.07777777777777779
2023-09-15,Arm Is Vulnerable to GPU Kingpin Nvidia and More In Changing Semiconductor Landscape: Analyst - ARM Holdings  ( NASDAQ:ARM ) ,0.0
2023-09-15,Could This Be The Killer App For Apple's Vision Pro Headset?,0.0
2023-09-15,Netflix  ( NFLX )  Expands India Presence With YRF Partnership,0.6
2023-09-15,"AI, ARM IPO, And $3.4 Trillion Option Expiration Suck Fear Out Of The Stock Market - Be Cautious - ARM Holdings  ( NASDAQ:ARM ) ",0.0
2023-09-15,How does the iPhone 15 compare to the latest Pixel and Galaxy devices?,0.17045454545454544
2023-09-15,Asia-Pacific Dominates Digital TV SoC Market; Europe Predicted as Fastest-Growing Region Through 2027,0.0
2023-09-15,"China's Appetite for Apple's iPhone 15 Pro Max Triggers Delivery Setbacks, Delays Up To 3 Weeks - Apple  ( NASDAQ:AAPL ) ",0.16666666666666666
2023-09-15,"Market Rally Regains Key Level, But Not Decisively: Weekly Review",0.043750000000000004
2023-09-15,"Upgrading To iPhone 15? Here's How To Transfer Your Photos, Apps, And Other Data - Apple  ( NASDAQ:AAPL ) ",0.18712121212121213
2023-09-15,"Market Clubhouse Morning Memo - September 15th, 2023  ( Trade Strategy For SPY, QQQ, AAPL, MSFT, TSLA, GOOGL, META, And NVDA )  - Invesco QQQ Trust, Series 1  ( NASDAQ:QQQ ) ",0.4375
2023-09-15,"Think Twice Before Buying A Pixel Watch - Users Claim Google Is Denying Screen Replacement - Alphabet  ( NASDAQ:GOOG ) , Alphabet  ( NASDAQ:GOOGL ) ",-0.1625
2023-09-15,How To Earn $500 A Month From Apple After New iPhone Launch - Apple  ( NASDAQ:AAPL ) ,0.13636363636363635
2023-09-15,"Deal Of The Day: Get The Power Of 16-inch MacBook With M1 Max Chip At A $1,700 Discount",0.30000000000000004
2023-09-15,Futures Mixed Ahead Of Key Economic Data,0.08
2023-09-15,Does The iPhone 15 Pro Have A 'Discoloration' Issue? First Hands-On Photos Suggest It Is A Fingerprint Magnet - Apple  ( NASDAQ:AAPL ) ,0.17424242424242423
2023-09-15,"7 Stocks Will Make You 46% Richer Than 'Magnificent 7,' Analysts",1.0
2023-09-15,Apple Silently Hikes Battery Replacement Cost For Certain Watch Models - Apple  ( NASDAQ:AAPL ) ,0.1348214285714286
2023-09-15,Apple to issue iPhone 12 update in France after sales halted over radiation levels | Business,0.0
2023-09-15,Apple to issue iPhone 12 update in France after sales halted over radiation levels | Business,0.0
2023-09-15,'Child Sexual Abuse Is Stored On iCloud. Apple Allows It': Anti-Apple Posters Emerge In Front Of Apple Park - Apple  ( NASDAQ:AAPL ) ,0.5
2023-09-15,Mobile Application Market worth $571.62 Billion by 2030 - Exclusive Report by The Insight Partners,0.009999999999999998
2023-09-15,Is Fidelity High Dividend ETF  ( FDVV )  a Strong ETF Right Now?,0.2733333333333333
2023-09-15,Should Schwab Fundamental U.S. Large Company Index ETF  ( FNDX )  Be on Your Investing Radar?,0.21428571428571427
2023-09-15,Should You Invest in the First Trust NASDAQ-100-Technology Sector ETF  ( QTEC ) ?,0.25
2023-09-15,Beware: Your iPhone 15 Could Permanently Fry If Charged With The Wrong USB-C Charger - Apple  ( NASDAQ:AAPL ) ,-0.25
2023-09-15,"ASML Stock Drops As Key Supplier TSMC Reportedly Postpone Deliveries Amidst Industry Demand Concerns - ASML Holding  ( NASDAQ:ASML ) , Taiwan Semiconductor  ( NYSE:TSM ) ",0.03125
2023-09-15,"Apple iPhone 15 Trade-In Offers: Price, Availability And More - AT&T  ( NYSE:T ) , Verizon Communications  ( NYSE:VZ ) , Amazon.com  ( NASDAQ:AMZN ) ",0.19999999999999998
2023-09-15,61% of Warren Buffett's $353 Billion Portfolio Is Invested in Just 3 Stocks,0.15
2023-09-15,3 Robinhood Stocks To Buy Right Now,0.2857142857142857
2023-09-15,Xiaomi supplier to open smartphone plant as India pushes for local,0.13999999999999999
2023-09-15,Why Is Apple's Tech Support Reportedly Keeping Quiet About iPhone 12 Radiation? - Apple  ( NASDAQ:AAPL ) ,0.0
2023-09-15,Xiaomi supplier to open smartphone plant as India pushes local,0.0
2023-09-15,SoftBank left millions on the table to engineer a win for Masayoshi Son,0.4
2023-09-15,Apple Inc taps new leader for 'secret' team developing glucose tracker,0.03181818181818181
2023-09-14,Apple  ( AAPL )  Outpaces Stock Market Gains: What You Should Know,0.13333333333333333
2023-09-14,"Tech, AI ETFs are soaring, but flows show investors holding back",0.21666666666666665
2023-09-14,"Is ARM A Buy After Record IPO? CEO Insights, Ongoing Lawsuit, And Financials - ARM Holdings  ( NASDAQ:ARM ) ",0.2
2023-09-14,Dow Jones Soars Amid Strong Arm IPO Gains; Cathie Wood Loads Up On This Stock After 43% Plunge,0.28888888888888886
2023-09-14,Arm's stock soars 25% in public debut as execs sees big opportunity to drive cost savings for chip makers,0.0
2023-09-14,The Paley Center for Media Announces Schedule for the 29th Annual Paley International Council Summit - PR Newswire,-0.05
2023-09-14,The Paley Center for Media Announces Schedule for the 29th Annual Paley International Council Summit,0.14805194805194805
2023-09-14,"Semtech Upgraded: Analyst Sees Underappreciated AI Optical Angle, Benefits From China IoT Ban - Semtech  ( NASDAQ:SMTC ) ",0.11363636363636363
2023-09-14,What's Going On With ARM Holdings Stock Thursday? - ARM Holdings  ( NASDAQ:ARM ) ,-0.06333333333333331
2023-09-14,Netflix And Spotify Are Navigating The Streaming Crisis With Their Crowns Intact - Walt Disney  ( NYSE:DIS ) ,0.1
2023-09-14,"Apple Claims iPhone 15 Pro As The 'Next Generation of Mobile Gaming,' Featuring Assassin's Creed Mirage And More AAA Titles - Apple  ( NASDAQ:AAPL ) ",0.2051948051948052
2023-09-14,Fox  ( FOXA )  Nation to Premiere Dahmer Family Tapes Docuseries,0.06818181818181818
2023-09-14,Excitement Over ARM IPO And AI But Slew Of Economic Data Shows Hotter Economy - VanEck Semiconductor ETF  ( NASDAQ:SMH ) ,0.275
2023-09-14,Should You Sell Amazon Stock Now?,0.3181818181818182
2023-09-14,"TSM: Advanced Micro Devices  ( AMD ) , Qualcomm  ( QCOM )  and Taiwan Semiconductor Manufacturing  ( TSM ) : Buy or Sell?",0.4
2023-09-14,Stock Market Gains Fade In News-Packed Morning; Investors Await Arm IPO To Start Trading,0.0
2023-09-14,Time to Buy Apple Stock on This Dip? Why China's Ban on Government iPhone Use Actually Means Very Little,0.1140625
2023-09-14,How To Unlock Your iPhone Using iOS 17's Neat Passcode Reset Trick - Apple  ( NASDAQ:AAPL ) ,0.21874999999999997
2023-09-14,How To Unlock Your iPhone Using iOS 17's Passcode Reset Trick - Apple  ( NASDAQ:AAPL ) ,0.21874999999999997
2023-09-14,Wall Street prepares for the biggest IPO in nearly two years | Business,0.1
2023-09-14,"Company News for Sep 14, 2023",0.0
2023-09-14,"Market Clubhouse Morning Memo - September 14th, 2023  ( Trade Strategy For SPY, QQQ, AAPL, MSFT, META, GOOGL, TSLA, And NVDA )  - Invesco QQQ Trust, Series 1  ( NASDAQ:QQQ ) ",0.4375
2023-09-14,How To Preorder iPhone 15 And Get It Delivered By Sept. 22 - Apple  ( NASDAQ:AAPL ) ,0.13636363636363635
2023-09-14,Chip Designer Arm Launches Initial Public Offering But Valuation Questioned,0.0
2023-09-14,"Futures Higher Ahead Of Inflation Data, Jobless Claims",0.125
2023-09-14,"AI Frenzy: OpenAI Expands Global Presence with New Dublin Office - Alphabet  ( NASDAQ:GOOG ) , Apple  ( NASDAQ:AAPL ) ",0.04663299663299663
2023-09-14,"iPhone 15 Pro's A17 Pro Chipset Is A Monster And Is Already Faster Than Samsung's 2024 Flagship - Samsung Electronics Co  ( OTC:SSNLF ) , Qualcomm  ( NASDAQ:QCOM ) ",0.175
2023-09-14,"For better gains in tech stocks from here, look beyond the 'Magnificent Seven.'",0.75
2023-09-14,"Arm Holdings IPO shares expected to begin trading today: Check stock price, valuation, ticker symbol",-0.03333333333333333
2023-09-14,Warren Buffett Owns a Lot of Stocks -- Here's the One I'm Most Excited About,0.37556818181818186
2023-09-14,Is Franklin U.S. Large Cap Multifactor Index ETF  ( FLQL )  a Strong ETF Right Now?,0.2869047619047619
2023-09-14,Should ALPS  ( OUSA )  Be on Your Investing Radar?,0.0
2023-09-14,Is First Trust NASDAQ-100-Technology Sector ETF  ( QTEC )  a Strong ETF Right Now?,0.29583333333333334
2023-09-14,Nearly Half of Warren Buffett's $354 Billion Portfolio Is Invested in Just 1 Stock,0.04166666666666667
2023-09-14,Will New IPhones Help Apple Stock Offset A China Slump?,0.15746753246753248
2023-09-14,Check If Your iPhone Will Get The iOS 17 Update - Apple  ( NASDAQ:AAPL ) ,0.06818181818181818
2023-09-14,"The Zacks Analyst Blog Highlights Apple, Technology Select Sector SPDR Fund, Vanguard Information Technology ETF, MSCI Information Technology Index ETF and iShares US Technology ETF",0.0
2023-09-14,China is huge for chip designer Arm. That's a risk for its new investors | Business,0.2681818181818182
2023-09-14,Survey Shows One In Five Americans Are Willing To Go Into Debt For The iPhone 15 Series - Apple  ( NASDAQ:AAPL ) ,0.3194805194805195
2023-09-14,Want AirPods Pro With USB-C? Prepare To Pay $249 As Apple Skips The USB-C Charging Case - Apple  ( NASDAQ:AAPL ) ,-0.18181818181818182
2023-09-14,Your Second-Generation AirPods Pro Might Now Be Outdated: How Vision Pro Audio Upgrade Changes Everything - Apple  ( NASDAQ:AAPL ) ,-0.07500000000000001
2023-09-14,Here's Why iPhone 15 Pro Boasts 20X Faster Data Transfer Than Non-Pro Models Via USB-C - Apple  ( NASDAQ:AAPL ) ,0.27999999999999997
2023-09-14,White House Accuses China Of iPhone Ban As Retaliation In Ongoing Trade War - Apple  ( NASDAQ:AAPL ) ,0.0
2023-09-14,"China's Apple iPhone ban appears to be retaliation, says US White House",0.08750000000000001
2023-09-14,SoftBank-backed Arm raises $4.87 billion in biggest IPO of the year,0.140625
2023-09-14,China says it hasn't issued any ban on Apple's iPhone | Business,0.0
2023-09-13,Google to lay off hundreds of recruiting staffers,0.2
2023-09-13,This $50 Billion Artificial Intelligence  ( AI )  IPO Is Generating Massive Interest. There's Also a Huge Red Flag,-0.1333333333333333
2023-09-13,"Investor Frenzy Over Arm's IPO Pushes Valuation To New Heights, Could Skyrocket To $54B - SoftBank Group  ( OTC:SFTBF ) , SoftBank Group  ( OTC:SFTBY ) ",0.13522727272727272
2023-09-13,Apple Event: 2 Key Takeaways for Investors,-0.13333333333333333
2023-09-13,Which Fund Beats the Superstar QQQ ETF?,0.25
2023-09-13,"Apple iPhone 15 Launch Called 'Mildly Disappointing,' Gets 'Meh' Stock Reaction",-0.39999999999999997
2023-09-13,Dow Falls After Inflation Data; Alloy Stock Soars As Chip Juggernaut IPO Looms,0.0
2023-09-13,Apple's iPhone 15 vs. iPhone 13: Is the upgrade worth it?,0.0007575757575757625
2023-09-13,Netflix shares dip after CFO expresses concern over Hollywood strikes and offers soft margins guidance,0.10000000000000002
2023-09-13,iPhone 15 Costs More in China and India Compared to US Despite Local Manufacturing and Assembly - Apple  ( NASDAQ:AAPL ) ,0.1388888888888889
2023-09-13,Apple  ( AAPL )  Unveils New iPhone Models at September Event,0.13636363636363635
2023-09-13,"Apple iPhone Event Sized Up By 7 Analysts: 'Brand Trumps Products,' But China, Upgrade Concerns Remain",0.00875
2023-09-13,Wednesday's Market Minute: The Bar for Disappointment is Low - Apple  ( NASDAQ:AAPL ) ,-0.095
2023-09-13,Arm IPO: Separating the hype from the reality,0.0
2023-09-13,"Apple iPhone Event Sized Up By 7 Analysts: 'Brand Trumps Products,' But China, Upgrade Concerns Remain - Apple  ( NASDAQ:AAPL ) ",0.00875
2023-09-13,1 Analyst Says 3 Artificial Intelligence  ( AI )  Growth Stocks Will Join the $3 Trillion Club and Could Leave Apple in the Dust Over the Coming Decade. Is She Right?,0.06190476190476191
2023-09-13,Alphabet's  ( GOOGL )  Google Updates Apps on Android Tablets,0.5
2023-09-13,"Hotter Core Inflation But Momo Gurus Have A New Narrative, Quadruple Witching Ahead - Meta Platforms  ( NASDAQ:META ) ",0.13636363636363635
2023-09-13,Apple ETFs in Focus Post iPhone 15 Launch,-0.05000000000000002
2023-09-13,Is Apple's iPhone 15 pricing strategy a risky bet or right for this economy?,0.22402597402597402
2023-09-13,3 Hot Penny Stocks To Watch After Apple Event In September 2023,0.25
2023-09-13,Stocks Rise After Hot CPI Inflation Report; Oil Prices Hit 2023 High,0.164
2023-09-13,"Top Stories Wednesday, Sep 13: Europe Set To Launch Anti-Subsidy Probe Into Chinese EVs, American Airlines and Spirit Lower Profit Outlook, Manchester United's New Shirt Sponsor - Apple  ( NASDAQ:AAPL ) , American Airlines Group  ( NASDAQ:AAL ) ",0.09090909090909091
2023-09-13,Concerning News for Apple Stock Investors,0.21666666666666667
2023-09-13,"Utah Woman Swallowed Airpod, Thinking It Was A Vitamin - Apple  ( NASDAQ:AAPL ) ",0.0
2023-09-13,Get Apple Watch Series 9's Double Tap Gesture On Older Apple Watches: Here's How - Apple  ( NASDAQ:AAPL ) ,0.21942640692640691
2023-09-13,BRK.B: A Closer Look at Berkshire Hathaway's  ( BRK.B )  Investment Appeal,0.0
2023-09-13,"Company News for Sep 13, 2023",0.0
2023-09-13,Jim Cramer's top things to watch in the stock market Wednesday,0.1488888888888889
2023-09-13,Better Growth Stock: Apple vs. Microsoft,0.5
2023-09-13,Key Apple Supplier TSMC Eyes Japan Amidst US Hurdles in Chip Production - Taiwan Semiconductor  ( NYSE:TSM ) ,0.16666666666666666
2023-09-13,"Apple iPhone 15 Pro Innovation? Nope, Android's Done It Before: From Action Button To USB-C To 3D Video Recording - Apple  ( NASDAQ:AAPL ) ",0.18
2023-09-13,Inverse ETFs to Play If Nasdaq Slumps Ahead,0.125
2023-09-13,"Google spent billions to build an illegal monopoly, Justice Department says as trial gets under way",-0.19999999999999998
2023-09-13,Will Qualcomm  ( QCOM )  Gain From Manchester United Sponsorship?,0.0
2023-09-13,Huawei's Re-emergence Is Not A Threat To Apple's Strong Ecosystem - Apple  ( NASDAQ:AAPL ) ,0.10833333333333332
2023-09-13,Apple Investors Already Hate The New iPhone 15 More Than Ever,0.2818181818181818
2023-09-13,Shiba Inu's Ascent To $1 Would Mean Exceeding Apple's Market Cap By A Staggering 213 Times,-0.15625
2023-09-13,"If You Invested $1,000 in PayPal Stock When It Went Public, This Is How Much You Would Have Today",0.011111111111111118
2023-09-13,"Stay upbeat on U.S. stocks, says SocGen, which just boosted its S&P 500 target",0.5
2023-09-13,Market Needs a Strong Reaction to CPI to Break Its Lethargy,0.14666666666666664
2023-09-13,"Why S&P 500, Nasdaq Are Set For Wobbly Open Today - UiPath  ( NYSE:PATH ) , Zumiez  ( NASDAQ:ZUMZ ) , G-III Apparel Group  ( NASDAQ:GIII ) , Cracker Barrel Old  ( NASDAQ:CBRL ) , Ford Motor  ( NYSE:F ) , General Motors  ( NYSE:GM ) , C3.ai  ( NYSE:AI ) , ABM Indus  ( NYSE:ABM ) , Smith & Wesson Brands  ( NASDAQ:SWBI ) , Smartsheet  ( NYSE:SMAR ) , Science Applications Intl  ( NYSE:SAIC ) , Semtech  ( NASDAQ:SMTC ) , Invesco QQQ Trust, Series 1  ( NASDAQ:QQQ ) , ChargePoint Hldgs  ( NYSE:CHPT ) , RH  ( NYSE:RH ) , DocuSign  ( NASDAQ:DOCU ) , SPDR S&P 500  ( ARCA:SPY ) , GameStop  ( NYSE:GME ) ",0.11388888888888889
2023-09-13,Should You Invest in the Technology Select Sector SPDR ETF  ( XLK ) ?,0.0
2023-09-13,Should Invesco NASDAQ 100 ETF  ( QQQM )  Be on Your Investing Radar?,0.0
2023-09-13,Should Vanguard Russell 1000 ETF  ( VONE )  Be on Your Investing Radar?,0.0
2023-09-13,Should Goldman Sachs ActiveBeta U.S. Large Cap Equity ETF  ( GSLC )  Be on Your Investing Radar?,0.21428571428571427
2023-09-13,You Can Get The iPhone 15 Pro For As Low As $349 - Here's How - Apple  ( NASDAQ:AAPL ) ,0.2532467532467532
2023-09-13,Futures Await Inflation Data; EU Probe Hits Tesla Rivals,-0.0625
2023-09-13,China says it hasn't issued any ban on Apple's iPhone | Business,0.0
2023-09-13,"Apple iPhone 15 coming to India: Price, features, where to buy explained",0.07227272727272727
2023-09-13,"Ford stock boosted by UBS upgrade, Nio shares drop on probe, and other stocks on the move",-0.06944444444444443
2023-09-13,Here's How I Lost Out on a $2.3 Million Investment. Can You Avoid My Mistake?,0.1
2023-09-13,Did Apple's 'Wonderlust' Event Confirm 'Clear Succession Plan' For Tim Cook? Munster Thinks It Did - Apple  ( NASDAQ:AAPL ) ,0.18409090909090908
2023-09-13,China iPhone Ban Escalation: Xi Jinping Government Says It Has Noticed 'Security Incidents' With Apple's iPhones - Apple  ( NASDAQ:AAPL ) ,0.0
2023-09-13,Goodbye iPhone Battery Woes? This New iPhone 15 Feature Will Help The Battery Last Longer - Apple  ( NASDAQ:AAPL ) ,0.06818181818181818
2023-09-13,China denies ban on iPhone but flags 'security incidents',-0.031249999999999972
2023-09-13,"Zacks Industry Outlook Highlights Apple, HP and 3D Systems",0.0
2023-09-13,"Investor Sentiment Declines Ahead Of Key Inflation Data - Apple  ( NASDAQ:AAPL ) , Cracker Barrel Old  ( NASDAQ:CBRL ) ",-0.06785714285714285
2023-09-13,"From Almost Free To $1,000 Off: US Wireless Giants Lure Subscribers With Wild iPhone 15 Promos - AT&T  ( NYSE:T ) , Verizon Communications  ( NYSE:VZ ) , DISH Network  ( NASDAQ:DISH ) ",0.22727272727272724
2023-09-13,Ford Unveils Next-Gen F-150 As CEO Farley Touts 'Most Connected And Smartest' Model - Ford Motor  ( NYSE:F ) ,0.13484848484848486
2023-09-13,Bitcoiners Can Now Purchase The New Apple iPhone 15 For These Many Satoshis Today,0.22411616161616157
2023-09-13,"Top headlines today, September 13: iPhone15 series launched, Byju's hid $533 mn in hedge fund",0.3333333333333333
2023-09-13,Apple Unveils Satellite-Based Roadside Assistance For iPhone 15 Users At 'Wonderlust' Event - Apple  ( NASDAQ:AAPL ) ,0.13636363636363635
2023-09-13,"AAPL, WE, XOM, ADBE, TSLA: Top 5 Trending Stocks - Tesla  ( NASDAQ:TSLA ) , Exxon Mobil  ( NYSE:XOM ) , Adobe  ( NASDAQ:ADBE ) , WeWork  ( NYSE:WE ) ",0.0763888888888889
2023-09-13,"Apple iPhone 15 Pro, iPhone 15 Pro Max: What's new, India pricing, and more",0.3181818181818182
2023-09-13,"Apple iPhone 15, iPhone 15 Plus brings Dynamic Island, USB-C, and more",0.27999999999999997
2023-09-13,Apple's iPhone price bump is part of a subtle revenue-boosting strategy,0.09166666666666667
2023-09-13,"Apple Watch Series 9 vs. Series 8: Here's An In-Depth Comparision Of Price, Power And Performance - Apple  ( NASDAQ:AAPL ) ",0.03333333333333333
2023-09-13,TSMC plans to invest up to $100 million in Arm IPO,0.0
2023-09-12,Apple unveils new iPhone lineup | Business,0.10227272727272727
2023-09-12,"Apple Has 'Flex The Muscles Moment' With iPhone 15, Expects 'Mini Supercycle' To Propel Shares Forward - Apple  ( NASDAQ:AAPL ) ",-0.051851851851851864
2023-09-12,California advances first-in-nation law demanding big companies reveal all emissions,0.0
2023-09-12,Futures: Market Rally Back Below Key Level,0.0
2023-09-12,Markets Cool on Apple 15 News; CPI Tomorrow,0.12878787878787878
2023-09-12,Apple Designed The iPhone 15 Pro With The Same Material That Is Used For The Mars Rover - Apple  ( NASDAQ:AAPL ) ,0.04545454545454545
2023-09-12,ZAGG Introduces XTR3 Screen Protection and Graphene-Infused Cases for iPhone 15 Range of Smartphones,0.06818181818181818
2023-09-12,3 Predictions for Apple Stock,0.0
2023-09-12,Apple Event Fails To Impress Bulls: Why Apple Stock Is Now In Bearish Slide - Apple  ( NASDAQ:AAPL ) ,0.024999999999999994
2023-09-12,Apple Watch 9 vs Google Pixel Watch and Samsung Galaxy Watch6,0.13636363636363635
2023-09-12,"Apple event: iPhone 15, Apple Watch Series 9 and everything else on the way",0.13636363636363635
2023-09-12,Does The Future Of Healthcare Depend On AI?,-0.03571428571428571
2023-09-12,Apple debuts iPhone 15 and iPhone 15 Plus - Investing News Network,0.0
2023-09-12,Apple debuts iPhone 15 and iPhone 15 Plus - Investing News Network,0.0
2023-09-12,Stock Market Today: Stocks Close Lower Ahead of August CPI Report,0.25
2023-09-12,Apple unveils iPhone 15 Pro and iPhone 15 Pro Max - Investing News Network,0.0
2023-09-12,Apple unveils iPhone 15 Pro and iPhone 15 Pro Max - Investing News Network,0.0
2023-09-12,Apple unveils Apple Watch Ultra 2 - Investing News Network,0.0
2023-09-12,Why Apple Stock Is Trading Lower Today - Apple  ( NASDAQ:AAPL ) ,0.022222222222222216
2023-09-12,"Apple Released A New $29 Product, But It Didn't Make It To The Presentation - Apple  ( NASDAQ:AAPL ) ",0.26545454545454544
2023-09-12,"Apple to drop plastic packaging by end of next year, no leather cases for iPhone15",-0.06666666666666667
2023-09-12,Apple unveils Apple Watch Ultra 2 - Investing News Network,0.0
2023-09-12,iPhone 15 Vs iPhone 14: The Seven Biggest Changes - Apple  ( NASDAQ:AAPL ) ,-0.013333333333333336
2023-09-12,Apple introduces new AirPods Pro with USB-C charging capabilities - Investing News Network,0.13636363636363635
2023-09-12,"Apple Live Event Brings iPhone 15, New Watch, Carbon Neutral Products: Everything That Was Just Announced - Apple  ( NASDAQ:AAPL ) ",0.13636363636363635
2023-09-12,"Apple unveils iPhone 15 lineup, increases base price on highest-end model for first time",0.016666666666666646
2023-09-12,Apple unveils its first carbon neutral products - Investing News Network,0.25
2023-09-12,"S&P 500's tech stocks slump, with Apple event failing to provide boost to the sector",0.0
2023-09-12,AAPL: Should You Pool Your Money Into Apple  ( AAPL )  Stock This Week?,0.0
2023-09-12,Apple event 2023 highlights: iPhone 15 series with USB-C and more announced,0.21212121212121213
2023-09-12,U.S. stocks are facing a triple threat that could lead to more losses ahead,0.22916666666666666
2023-09-12,Apple introduces the advanced new Apple Watch Series 9 - Investing News Network,0.2681818181818182
2023-09-12,"Howard Marks says good luck beating the stock market without Apple, other big winners this year",0.016666666666666653
2023-09-12,"Pins And Needles: Stocks Slip Ahead Of Eagerly Awaited CPI Data With Tech Under Pressure From Oracle - Apple  ( NASDAQ:AAPL ) , Adobe  ( NASDAQ:ADBE ) ",0.0
2023-09-12,Apple Unveils iPhone 15 Smartphones But Investors Are Unimpressed,0.0
2023-09-12,"Google's $10B Monopoly Payment: US Government's Antitrust Showdown - Alphabet  ( NASDAQ:GOOG ) , Alphabet  ( NASDAQ:GOOGL ) ",0.15000000000000002
2023-09-12,"New Apple Watch Series 9: cost, new features, and when it comes out",0.1618181818181818
2023-09-12,"Apple Watch Series 9, Apple Watch Ultra 2: Price, Features And Availability - Apple  ( NASDAQ:AAPL ) ",0.5
2023-09-12,How To Earn $500 A Month From Apple Stock Just In Time For New Products - Apple  ( NASDAQ:AAPL ) ,0.37784090909090906
2023-09-12,"Apple Wonderlust Event Puts iPhone 15 Suppliers, Competitors In The Spotlight: 8 Stocks To Watch - Apple  ( NASDAQ:AAPL ) ",0.019772727272727268
2023-09-12,What's a better deal - an iPhone 15 or $800 in Apple stock?,0.39999999999999997
2023-09-12,"If You Invested $1000 In Bitcoin, Ethereum Or Apple Stock When Tim Cook Said He Owned Cryptocurrency, Here's How Much You'd Have Today",0.225
2023-09-12,Investors Pay Attention To How Apple iPhone 15 Tests Nationalism Over Status Symbol In China - Apple  ( NASDAQ:AAPL ) ,0.0
2023-09-12,Qualcomm  ( QCOM )  to Supply 5G Modem Chips for Upcoming iPhones,0.0
2023-09-12,Jim Cramer says this software stock is a buy here after earnings-driven decline,0.0
2023-09-12,Top Stocks To Buy Today? 3 Tech Stocks To Know,0.11499999999999999
2023-09-12,"Apple event LIVE: iPhone 15 series, Watch 9, AirPods, and more expected",0.08235795454545455
2023-09-12,"Dow Jones Falls Ahead Of Inflation Data, Apple iPhone Launch; GOOGL Faces Probe On Monopoly",0.0
2023-09-12,Apple 'Wonderlust' iPhone 15 Event Will Reveal Shift To Premium Products: Analyst - Apple  ( NASDAQ:AAPL ) ,0.0
2023-09-12,Netflix  ( NFLX )  Bolsters APAC Segment With Latest Korean Show,0.5
2023-09-12,"Top Stories Tuesday, Sep 12: DraftKings Apologizes For 9/11 'Never Forget' Parlay Promotion, Apple Set For Selling 'Made In India' iPhone 15 on Launch Day, MGM Resorts Faces Ongoing Cyber Incident - Apple  ( NASDAQ:AAPL ) , Amazon.com  ( NASDAQ:AMZN ) ",0.05208333333333333
2023-09-12,3 Stocks to Watch From the Challenging Computer Industry,0.4666666666666667
2023-09-12,The LUMIX G9II - Direxion Daily 10-Yr Treasury Bear 3x Shrs  ( ARCA:TYO ) ,0.20454545454545453
2023-09-12,New iPad Air 6 Delayed? Analyst Casts Doubt On October Launch - Apple  ( NASDAQ:AAPL ) ,0.2015151515151515
2023-09-12,"3 Reasons to Buy Apple Stock, and 3 Reasons to Sell",0.25
2023-09-12,Here is What to Know Beyond Why Apple Inc.  ( AAPL )  is a Trending Stock,0.15
2023-09-12,Looming Inflation Data May Lead To Initial Pullback On Wall Street,0.018229166666666668
2023-09-12,Strength Seen in Qualcomm  ( QCOM ) : Can Its 3.9% Jump Turn into More Strength?,0.1688888888888889
2023-09-12,Apple Stock: Time to Buy the Dip?,0.0
2023-09-12,Apple Online Store Is Temporarily Down Ahead Of The iPhone 15 Launch Event - Apple  ( NASDAQ:AAPL ) ,0.03253968253968253
2023-09-12,Futures Fall As Oracle Dives On Earnings; Apple Event To Start,0.0
2023-09-12,Best Inverse/Leveraged ETFs of Last Week,0.21875
2023-09-12,Apple Set For Selling 'Made In India' iPhone 15 on Launch Day - Apple  ( NASDAQ:AAPL ) ,0.1518939393939394
2023-09-12,Futures: Tesla Breaks Out; Apple iPhone Event Next,0.0
2023-09-12,"Arm's CEO Charts New Course for IPO: Embracing High-Value Chip Design - SoftBank Group  ( OTC:SFTBF ) , SoftBank Group  ( OTC:SFTBY ) ",0.16856060606060605
2023-09-12,Will the iPhone 15 event boost Apple's stock? Here's what history has to say.,-0.09999999999999999
2023-09-12,Here's how Apple stock typically performs around its annual launch event,-0.08333333333333333
2023-09-12,"The economy is doing better than anyone thinks, but these troubles are in the pipeline, says Bill Ackman",0.17964285714285713
2023-09-12,"Why S&P 500, Nasdaq Are Set To Open In The Red Today - Invesco QQQ Trust, Series 1  ( NASDAQ:QQQ ) , WestRock  ( NYSE:WRK ) , Tesla  ( NASDAQ:TSLA ) , Oracle  ( NYSE:ORCL ) , SPDR S&P 500  ( ARCA:SPY ) ",-0.049999999999999996
2023-09-12,Webtoons Market is anticipated to reach USD 67.6 Billion at a CAGR of 37.30% CAGR by 2032 - Report by Market Research Future  ( MRFR ) ,0.03409090909090909
2023-09-12,Should Schwab U.S. Large-Cap ETF  ( SCHX )  Be on Your Investing Radar?,0.0
2023-09-12,Should SPDR MSCI USA StrategicFactors ETF  ( QUS )  Be on Your Investing Radar?,0.0
2023-09-12,Should BNY Mellon US Large Cap Core Equity ETF  ( BKLC )  Be on Your Investing Radar?,0.21428571428571427
2023-09-12,Billionaire Investors Are Loading Up on Apple Stock. Should You?,0.5
2023-09-12,These 5 Big Changes In iPhone 15 Series Will Be The Stand Out Upgrades Over iPhone 14 - Apple  ( NASDAQ:AAPL ) ,0.040046296296296295
2023-09-12,"Oracle stock slumps, Apple shares steady and other stocks on the move",0.02083333333333333
2023-09-12,Ford Trying To Steal Apple's Thunder? CEO Farley Teases New F-150 Offering Alongside iPhone 15 Launch - Ford Motor  ( NYSE:F ) ,0.13636363636363635
2023-09-12,"The Porsche Cayenne has big upgrades for 2024, with as much driving pleasure as ever",0.17928571428571427
2023-09-12,"U.S. stock futures dip ahead of Apple event, with inflation data looming",0.2
2023-09-12,Apple to sell Made-in-India iPhones on launch day for the first time,0.16079545454545455
2023-09-12,"Here's Why Apple Took 8 Years To Bring USB-C To iPhone Despite Contributing To Its Development - Microsoft  ( NASDAQ:MSFT ) , Alphabet  ( NASDAQ:GOOG ) , Alphabet  ( NASDAQ:GOOGL ) , Intel  ( NASDAQ:INTC ) ",-0.018750000000000003
2023-09-12,Why Munster Thinks Apple's 'Wonderlust' Event 'May Fall Flat' - Apple  ( NASDAQ:AAPL ) ,-0.025
2023-09-12,"Why Do Snapchat Photos Taken On iPhone Look Way Better Than Ones Taken On Android? - Alphabet  ( NASDAQ:GOOGL ) , Meta Platforms  ( NASDAQ:META ) , Snap  ( NYSE:SNAP ) ",0.325
2023-09-12,"Investor Optimism Improves Further After Nasdaq Surges 1% - Apple  ( NASDAQ:AAPL ) , Cognyte Software  ( NASDAQ:CGNT ) ",0.075
2023-09-12,What Will Apple's iPhone 15 Cost? Here Are Price Predictions From Base Model To Pro Max - Apple  ( NASDAQ:AAPL ) ,-0.010000000000000004
2023-09-12,Best ETFs of Last Week  ( Revised ) ,0.21875
2023-09-12,"New Leak Reiterates Apple's iPhone 15 Pro Models Could Get RAM Boost to 8GB, But This Crucial Choice Remains Unchanged - Apple  ( NASDAQ:AAPL ) ",0.03434343434343434
2023-09-11,Time to Buy Apple or Qualcomm Stock for Their Renewed Partnership,-0.125
2023-09-11,Why Investors Should Focus on High-Quality Stocks & ETFs,0.0
2023-09-11,"S&P 500: Tesla, Apple Chipmaker Lead Big Winners",0.0
2023-09-11,Stock Market Today: Nasdaq Leads Broad Rally as Tesla Stock Soars,0.09282407407407407
2023-09-11,"This Nontech Stock Doubled In Price, Joins Apple, Meta And Other Tech Bigwigs On Nasdaq 100",-0.08333333333333333
2023-09-11,"Not A Four-Letter Word: ""Risk"" Embraced To Start Week Despite Rising Treasury Yields - Apple  ( NASDAQ:AAPL ) , Adobe  ( NASDAQ:ADBE ) ",-0.009523809523809521
2023-09-11,"Tech's wild week: How Apple, Google, AI, Arm's mega IPO could set the agenda for years",0.15000000000000002
2023-09-11,Arm IPO Could Open Door For More Tech Stock Offerings,0.05613636363636363
2023-09-11,One of the last Club names reports earnings after the bell. Here's where Jim Cramer is on the stock,0.0
2023-09-11,Here's Why I Continue to Be Very Cautious on Stocks,-0.31666666666666665
2023-09-11,Apple ETFs in Focus Ahead of iPhone 15 Launch Event,0.0
2023-09-11,"Market Clubhouse Morning Memo - September 11th, 2023  ( Trade Strategy For SPY, QQQ, AAPL, MSFT, TSLA, NVDA, AMZN, And META )  - Invesco QQQ Trust, Series 1  ( NASDAQ:QQQ ) ",0.4375
2023-09-11,"Top Stories Monday, Sep. 11: Qualcomm-Apple Chip Supply Agreement, Report On AstraZeneca CEO's Alleged Intention To Step Down, Apple & Google Face Off in Antitrust Showdown - AstraZeneca  ( NASDAQ:AZN ) , Boeing  ( NYSE:BA ) ",0.12361111111111112
2023-09-11,Here's an easy way to make a more concentrated play on the 'Magnificent Seven' stocks,0.33847222222222223
2023-09-11,"Tech Titans Apple and Google Face Off in Antitrust Showdown - Alphabet  ( NASDAQ:GOOG ) , Alphabet  ( NASDAQ:GOOGL ) , Apple  ( NASDAQ:AAPL ) ",0.0
2023-09-11,"Momo Buying Ahead Of CPI, iPhone 15, And ARM IPO; Auto Worker Strike Likely - General Motors  ( NYSE:GM ) ",0.020000000000000007
2023-09-11,No More Mini? Apple's iPhone 15 Release Might Discontinue Compact Models - Apple  ( NASDAQ:AAPL ) ,-0.125
2023-09-11,What's Going On With Nvidia Stock Monday? - NVIDIA  ( NASDAQ:NVDA ) ,0.0625
2023-09-11,Jim Cramer's top 10 things to watch in the stock market Monday,0.2375
2023-09-11,Qualcomm  ( QCOM )  Down on China Woes: Should Investors Worry?,0.24814814814814815
2023-09-11,Apple Has a $74 Billion Problem,-0.06875
2023-09-11,Qualcomm Stock Soars on Apple News - What's Going On? - Qualcomm  ( NASDAQ:QCOM ) ,0.25
2023-09-11,Qualcomm Announces Agreement with Apple for Chip Supply,0.0
2023-09-11,Best Inverse/Leveraged ETFs of Last Week,0.21875
2023-09-11,One Company Is Expected To Grow Even Faster Than Nvidia,0.2
2023-09-11,Futures Climb As Inflation Data Looms,0.0
2023-09-11,Google Antitrust Case: Why Apple Will Be Part Of The Courtroom Drama,0.0
2023-09-11,"iPhone 15 Pro To Be 10% Lighter Than The 14 Pro Despite Similar Size, Thanks To This Upgrade - Apple  ( NASDAQ:AAPL ) ",-0.10416666666666667
2023-09-11,A look back at every iPhone ever | Business,0.0
2023-09-11,"Will iPhone 15 Be A Meaningful Upgrade? KeyBanc Analyst Weighs In On Main Features, Carrier Deals - AT&T  ( NYSE:T ) , Verizon Communications  ( NYSE:VZ ) ",0.09444444444444444
2023-09-11,"Qualcomm will make Apple's iPhone modems until 2026, and its stock is surging",0.06666666666666667
2023-09-11,"Remembering 9/11, Apple and China, Markets, Earnings Outlook, Busy Week Ahead",0.05000000000000001
2023-09-11,"Morgan Stanley says it's a lonely bull, recommending government bonds",-0.09999999999999998
2023-09-11,"Apple Stock: Buy, Sell, or Hold?",0.21666666666666667
2023-09-11,"Why S&P 500, Nasdaq Are Set To Bounce Back Today - Invesco QQQ Trust, Series 1  ( NASDAQ:QQQ ) , Tesla  ( NASDAQ:TSLA ) , FuelCell Energy  ( NASDAQ:FCEL ) , Oracle  ( NYSE:ORCL ) , Casey's General Stores  ( NASDAQ:CASY ) , SPDR S&P 500  ( ARCA:SPY ) ",0.016666666666666673
2023-09-11,Futures Rise: Three Titans To Watch; Tesla PT Hiked 60%,0.20000000000000004
2023-09-11,Should iShares S&P 500 Growth ETF  ( IVW )  Be on Your Investing Radar?,0.0
2023-09-11,Want to Get Richer? 3 Top Warren Buffett Stocks to Buy Now That Could Help You Build Lasting Wealth,0.5
2023-09-11,1 FAANG Stock That's a Surefire Buy in September and 1 to Avoid,0.0
2023-09-11,"The 2023 Genesis GV60 review: photos, prices, range, tax credits and more for this all-electric luxury SUV",0.5
2023-09-11,Apple's Value Plummets $190B In 2 Days: Is iPhone Launch Week Always Troubled? - Apple  ( NASDAQ:AAPL ) ,-0.023809523809523808
2023-09-11,"Mark Zuckerberg's Meta Plans To Take On OpenAI With GPT-4 Challenger: Report - Microsoft  ( NASDAQ:MSFT ) , Alphabet  ( NASDAQ:GOOG ) , Alphabet  ( NASDAQ:GOOGL ) , Meta Platforms  ( NASDAQ:META ) ",-0.2318181818181818
2023-09-11,Smart Healthcare Market to grow by USD 115.39 billion from 2022-2027; North America to account for 43% of market ... - PR Newswire,0.21428571428571427
2023-09-11,How booming Vietnam offers the US an alternative to China | Business,0.1
2023-09-11,How booming Vietnam offers the US an alternative to China | Business,0.06666666666666667
2023-09-11,"Staining Rugs, Getting Stuck and Can't Learn: iRobot Solves Rival Robot Pitfalls with New Roomba Models Featuring iRobot OS Intelligence",0.13636363636363635
2023-09-11,"Is Apple Ditching Silicone Accessories? Big Changes Coming For iPhone Cases, Apple Watch Bands And More - Apple  ( NASDAQ:AAPL ) ",0.3333333333333333
2023-09-11,"Apple's Premium iPhones To See Price Hike in Select Markets, Says Gurman: How Cupertino Attracts Users To Pricier Models Amid Tough Economic Environment - Apple  ( NASDAQ:AAPL ) ",0.037037037037037035
2023-09-10,New/Old Reasons Not To Buy Stocks,0.11212121212121212
2023-09-10,Where Will Apple Stock Be in 3 Years?,0.16666666666666666
2023-09-10,"China's Economic Dilemma, Apple's China Woes, US Economy Surges And Inflation Fears: Top Economy News This Week",0.23196969696969694
2023-09-10,"Ahead Of iPhone 15 Launch, Analyst Says Apple-Huawei Rivalry Good News For Consumers - Apple  ( NASDAQ:AAPL ) ",0.2301346801346801
2023-09-10,Is Apple a Buy Now?,0.4166666666666667
2023-09-10,Nvidia's Failed Attempt to Acquire This Semiconductor Powerhouse Could Lead to the Biggest IPO of 2023,-0.25
2023-09-10,Apple Just Shed More Than $230 Billion In Market Cap. Here's Why It's a Buying Opportunity.,-0.06666666666666661
2023-09-10,"Watch Series 9, iMessage Uncertainty And Huge MacBook Discount: Apple's Eventful Week - Apple  ( NASDAQ:AAPL ) ",0.19821428571428573
2023-09-09,"Barron's Weekend Stock Picks: Coca-Cola, Groupon And DocuSign's Dilemma - Apple  ( NASDAQ:AAPL ) , DocuSign  ( NASDAQ:DOCU ) ",0.5
2023-09-09,"Apple Could Emerge Unscathed From China Ban, Says Munster, As He Details Plan B For Averting Any Potential Impact - Apple  ( NASDAQ:AAPL ) ",0.1
2023-09-09,"Buzz: Martin Short Unifies Social Media Against Slate Hack, Plus: Miley Cyrus, Snoop & Weed - Apple  ( NASDAQ:AAPL ) , Charter Communications  ( NASDAQ:CHTR ) ",0.17314814814814816
2023-09-09,"Tesla, Apple, Disney And Shiba Inu's Shibarium Hits 1M Wallets In Just 2 Weeks: Bulls And Bears - Apple  ( NASDAQ:AAPL ) ",0.30694444444444446
